"DATE","Quarter","Primary.Energy.Consumed.by.the.Residential.Sector","Electricity.Sales.to.Ultimate.Customers.in.the.Residential.Sector","End.Use.Energy.Consumed.by.the.Residential.Sector","Residential.Sector.Electrical.System.Energy.Losses","Total.Energy.Consumed.by.the.Residential.Sector","Primary.Energy.Consumed.by.the.Commercial.Sector","Electricity.Sales.to.Ultimate.Customers.in.the.Commercial.Sector","End.Use.Energy.Consumed.by.the.Commercial.Sector","Commercial.Sector.Electrical.System.Energy.Losses","Total.Energy.Consumed.by.the.Commercial.Sector","Primary.Energy.Consumed.by.the.Industrial.Sector","Electricity.Sales.to.Ultimate.Customers.in.the.Industrial.Sector","End.Use.Energy.Consumed.by.the.Industrial.Sector","Industrial.Sector.Electrical.System.Energy.Losses","Total.Energy.Consumed.by.the.Industrial.Sector","GDP","Month","Formatted.Data"
1973,"Q1",1949.2959622731,470.763937114019,2436.97216449202,1151.45942239861,3676.94443271934,1023.61733632765,358.093116007776,1377.5566471645,872.487829792769,2339.87398766118,5847.74661646938,554.85741213209,6396.71333435557,1314.04108303331,7696.47501214244,5472.5913381749,"January",1094.85194029654
1973,"Q2",1947.34155652111,475.021511794704,2439.42523022553,1160.2638028421,3684.65744303673,1023.31896912278,362.333521222217,1382.66199794673,881.842536124625,2350.05596693187,5850.24032569859,562.050868437935,6407.14017689454,1333.56385175283,7728.20793721567,5516.02808244595,"April",1186.16438310759
1973,"Q3",1945.38715076912,479.279120233102,2441.87829595904,1169.0675602826,3692.37060462415,1023.02061964262,366.574049062431,1387.76734872897,891.196653033411,2360.2376990129,5852.68647454232,569.236942801117,6417.51074186353,1353.0635308761,7759.85823002205,5559.4526732954,"July",1277.47682591863
1973,"Q4",1943.43274501713,483.536819855273,2444.33136169255,1177.86968807085,3700.0841905511,1022.72231800312,370.814910338469,1392.8726995112,900.549252602916,2370.41884246775,5855.00862418837,576.403743876882,6427.73455315287,1372.50289523625,7791.2929429762,5602.84623399584,"October",1368.78926872968
1974,"Q1",1941.47833926513,487.794696290205,2446.78442742606,1186.66877480705,3707.79863249636,1022.42410894453,375.056422178181,1397.97805029344,909.899074496136,2380.59901547916,5857.10019387531,583.534648013434,6437.68541435033,1391.82985498002,7822.32647755554,5646.18353573583,"January",1460.10171154073
1974,"Q2",1939.52393351314,492.052863301899,2449.23749315957,1195.46307361289,3715.51453618328,1022.12605152332,379.299008552561,1403.08340107567,919.244616736343,2390.77788448276,5858.82998226994,590.609132502708,6447.20791859241,1410.98003191724,7852.7300520784,5689.43507681355,"April",1551.41415435178
1974,"Q3",1937.56952776115,496.311462927626,2451.69055889308,1204.2505708535,3723.23269653291,1021.82821880097,383.543200610877,1408.18875185791,928.584224286185,2400.95524956869,5860.04752644845,597.603587142489,6456.12376978529,1429.87927089474,7882.24090500086,5732.5690714425,"July",1642.72659716282
1974,"Q4",1935.61512200916,500.570665789634,2454.14362462659,1213.02905397712,3730.95411235452,1021.5306975279,387.789636721591,1413.29410264014,937.916174835525,2411.13112608652,5860.58828003309,604.492100882924,6464.23789292802,1448.44607615787,7910.57119989357,5775.55333711368,"October",1734.03903997387
1975,"Q1",1933.66071625717,504.830671543878,2456.5966903601,1221.79617810031,3738.68000037149,1021.23358782056,392.039062110317,1418.39945342238,947.238761162076,2421.30582183639,5860.27858964353,611.247219961765,6471.34430843978,1466.59396153262,7937.41659412598,5818.35706825099,"January",1825.35148278491
1975,"Q2",1931.70631050518,509.091709425282,2459.04975609361,1230.54953091995,3746.41180835796,1020.93700282955,396.292327970876,1423.50480420461,956.550369339362,2431.48000915113,5858.94044642737,617.840673481143,6477.23174246828,1484.23370183581,7962.4644287276,5860.95248271807,"April",1916.66392559596
1975,"Q3",1929.75190475319,513.354038847748,2461.50282182712,1239.28669551971,3754.15122715554,1020.64106839651,400.550389932944,1428.61015498685,965.849552080177,2441.65479117965,5856.3959887397,624.244062310973,6481.68894438104,1501.2754727261,7985.40149589983,5903.31632769411,"July",2007.97636840701
1975,"Q4",1927.7974990012,517.617950015572,2463.95588756063,1248.00531062077,3761.90020133257,1020.34592269758,404.814305768915,1433.71550576908,975.135096483864,2451.83176166801,5852.47173141679,630.429507080528,6484.50968187506,1517.63086580811,8005.92133943668,5945.43123145999,"October",2099.28881121806
1976,"Q1",1925.84309324921,521.883764502928,2466.40895329414,1256.70312782641,3769.66093825181,1020.0517158711,409.085232231458,1438.82085655132,984.406085482314,2462.01305756095,5847.002497443,636.370251092286,6485.49738458318,1533.21476602198,8023.73104402074,5987.28688830984,"January",2190.6012540291
1976,"Q2",1923.88868749723,526.151835759298,2468.86201902766,1265.37806542339,3777.43591532239,1019.75860962746,413.364420929363,1443.92620733355,993.661952341219,2472.2014038046,5839.83502899436,642.041214224406,6484.46940851814,1547.94707907289,8038.55747166751,6028.88106502304,"April",2281.91369684015
1976,"Q3",1921.93428174524,530.422549499794,2471.31508476117,1274.02825831422,3785.22788522241,1019.46677683905,417.653213158352,1449.03155811579,1002.90252760733,2482.40014977239,5830.83125607635,647.419494073948,6481.26089515572,1561.75429720675,8050.15290570564,6070.22041857729,"July",2373.2261396512
1976,"Q4",1919.97987599326,534.696323942895,2473.76815049469,1282.65210369422,3793.03987890322,1019.17640110854,421.953033633034,1454.13690889803,1012.12807801971,2492.61329685178,5819.87120366006,652.484811117981,6475.72820226795,1574.57089328417,8058.30006789788,6111.32111696503,"October",2464.53858246224
1977,"Q1",1918.02547024128,538.973609860255,2476.2212162282,1291.24830210953,3800.87520620346,1018.88767631385,426.265383076412,1459.24225968027,1021.33933694874,2502.84551678711,5806.85552026038,657.219894969271,6467.75188602032,1586.34053399738,8062.8164777611,6152.20925671001,"January",2555.85102527329
1977,"Q2",1916.0710644893,543.254890408449,2478.67428196172,1299.81589359048,3808.73745393577,1018.60080612851,430.591829660065,1464.3476104625,1030.53752609225,2513.10216052433,5791.70761463245,661.610809519971,6457.23921842892,1597.01710532064,8063.55813032458,6192.92107349014,"April",2647.16346808435
1977,"Q3",1914.11665873733,547.540680715793,2481.12734769524,1308.35428858969,3816.63048133274,1018.3160035164,434.933999301521,1469.45296124474,1039.72436822411,2523.38925738179,5774.3753900718,665.647215194199,6444.12622759741,1606.56554457307,8060.42247339675,6233.50294443605,"July",2738.4759108954
1977,"Q4",1912.16225298535,551.831527203489,2483.58041342877,1316.86329352182,3824.55841277886,1018.0334902002,439.293564863141,1474.55831202698,1048.90209096742,2533.71350453413,5754.83257011559,669.322567336122,6428.3792534212,1614.96247599049,8053.35067359058,6274.01118377222,"October",2829.78835370644
1978,"Q1",1910.20784723338,556.128006624772,2486.03347916229,1325.34313075056,3832.52562778565,1017.75349610311,443.672234315053,1479.66366280922,1058.07342165751,2544.08224689818,5733.07961295113,672.634250322656,6409.99601562818,1622.19664841859,8042.32916653635,6314.51163597985,"January",2921.10079651749
1978,"Q2",1908.25344148142,560.430724811968,2488.48654489582,1333.79445293728,3840.53674820795,1017.47625876406,448.071737957648,1484.76901359146,1067.24157352164,2554.50344766319,5709.14421626845,675.58364778487,6389.00619639985,1628.26917621201,8027.39049494545,6355.07907370959,"April",3012.41323932855
1978,"Q3",1906.29903572946,564.74031512666,2490.93961062935,1342.21835172379,3848.59662273407,1017.20202272664,452.493814820433,1489.8743643737,1076.41022351441,2564.98564982478,5683.08141824266,678.176149975234,6365.47154454419,1633.19358642966,8008.61344524353,6395.79641033377,"July",3103.7256821396
1978,"Q4",1904.3446299775,569.057436614277,2493.39267636288,1350.61636079035,3856.71030872262,1016.93103890261,456.940198381978,1494.97971515594,1085.58348229258,2575.53792922214,5654.9733047094,680.421100082337,6339.48551347704,1636.99567778763,7986.12250151825,6436.75373988689,"October",3195.03812495065
1979,"Q1",1902.39022422554,573.382771870005,2495.84574209641,1358.99045339133,3864.88305149451,1016.6635639112,461.412601776186,1500.08506593819,1094.76585692703,2586.16983969533,5624.92833662287,682.331681965404,6311.17245009308,1639.71319889715,7960.08664274308,6478.04721968921,"January",3286.3505677617
1979,"Q2",1900.43581847359,577.717024628471,2498.29880782995,1367.34303453415,3873.1202612248,1016.39985939566,465.912702670186,1505.19041672043,1103.96220706415,2596.89135109455,5593.0803158939,683.924752454455,6280.68635641512,1641.3953553948,7930.71751645031,6519.77781338892,"April",3377.66301057276
1979,"Q3",1898.48141272165,582.060917095015,2500.75187356349,1375.67692802656,3881.42748761311,1016.14019131905,470.442128015932,1510.29576750267,1113.17769535099,2607.71278097812,5559.58701150065,685.220621991787,6248.20925045448,1642.10215751551,7898.26702881485,6562.04991436848,"July",3468.97545338381
1979,"Q4",1896.52700696971,586.4151870416,2503.20493929704,1383.99535867812,3889.81039254436,1015.8848292415,475.002438894005,1515.40111828492,1122.41773304063,2618.64472093751,5524.62847146097,686.242788012855,6213.94915714802,1641.90362158566,7863.0243977653,6604.96987150626,"October",3560.28789619487
1980,"Q1",1894.57260121777,590.780584694417,2505.65800503059,1392.30192998683,3898.27472097736,1015.63404558144,479.59511567196,1520.50646906717,1131.68792174327,2629.69795854737,5488.40504918893,687.017625904629,6178.13776369594,1640.87884025353,7825.31272074353,6648.64444073715,"January",3651.60033900592
1980,"Q2",1892.61819546584,595.157869445015,2508.11107076414,1400.60059769833,3906.82627032815,1015.38811486389,484.221543712429,1525.61181984941,1140.99399237742,2640.88339602451,5451.13517600478,687.57404293499,6141.02777752593,1639.11493800331,7785.48511462268,6693.17918741192,"April",3742.91278181698
1980,"Q3",1890.66378971392,599.547806419772,2510.5641364977,1408.89563966075,3915.47085863384,1015.14731295874,488.882999862641,1530.71717063166,1150.34174239455,2652.21196671028,5413.05291378579,687.943100856352,6102.89002769584,1636.70592943635,7743.92048895566,6738.67686524629,"July",3834.22522462804
1980,"Q4",1888.709383962,603.951162945701,2513.01720223126,1417.19162243723,3924.21429180213,1014.91191631261,493.580639956851,1535.82252141391,1159.73697238408,2663.69455052799,5374.40532392456,688.157613224895,6064.01035312412,1633.75149884755,7701.01901749791,6785.23579832115,"October",3925.5376674391
1981,"Q1",1886.7549782101,608.368704952657,2515.47026796482,1425.49336516563,3933.06233026401,1014.68220117776,498.315487554572,1540.92787219617,1169.18542316327,2675.34188957386,5335.44969026791,688.25172367332,6024.68632277517,1630.35572022091,7657.19737536131,6832.94829273972,"January",4016.85011025016
1981,"Q2",1884.80057245819,612.80119335381,2517.92333369839,1433.80590117976,3942.02065535805,1014.45844284193,503.088424128655,1546.03322297842,1178.69271445261,2687.1645050015,5296.45063494242,688.260471542136,5985.22383435385,1626.62573728311,7612.88381116041,6881.89910443054,"April",4108.16255306122
1981,"Q3",1882.8461667063,617.249380446735,2520.37639943197,1442.13443791733,3951.0948357767,1014.24091486298,507.900180898022,1551.13857376067,1188.2642861879,2699.17261632284,5257.67716638239,688.219351264595,5945.93363845861,1622.67042320617,7568.51312383698,6932.16398885584,"July",4199.47499587228
1981,"Q4",1880.89176095441,621.714006377788,2522.82946516555,1450.48431564959,3960.29029440638,1014.02988831231,512.751332482421,1556.24392454293,1197.90534347792,2711.37606421318,5219.39969908941,688.163871885308,5907.12783533348,1618.59903950145,7524.52161396096,6983.80835746149,"October",4290.78743868335
1982,"Q1",1878.93735520254,626.195795711859,2525.28253089914,1458.86096556843,3969.61227588845,1013.82563103113,517.64229253383,1561.34927532519,1207.6208061502,2723.7842378499,5181.88708427318,688.129122965996,5869.11639082369,1614.51991325077,7481.34207829095,7036.88606434016,"January",4382.09988149441
1982,"Q2",1876.98294945067,630.695454147942,2527.73559663273,1467.2698677551,3979.06581521703,1013.62840690358,522.573311468663,1566.45462610745,1217.41526372572,2736.40600772621,5145.40368943167,688.149352860924,5832.20371672301,1610.53915096727,7439.39891395285,7091.43834470358,"April",4473.41232430547
1982,"Q3",1875.02854369881,635.213665419162,2530.18866236633,1475.71650954341,3988.65570767747,1013.4384751508,527.544476397946,1571.55997688971,1227.29293657536,2749.24966479965,5110.20656369112,688.257565083106,5796.68535914546,1606.75940657312,7399.10339608275,7147.4929247594,"July",4564.72476711654
1982,"Q4",1873.07413794695,639.751088413295,2532.64172809994,1484.20634476959,3998.38648041161,1013.25608964968,532.555713320507,1576.66532767197,1237.25764389887,2762.32286673075,5076.54272389909,688.485138109339,5762.84483627765,1603.27871982562,7360.84918914174,7205.06332018433,"October",4656.0372099276
1983,"Q1",1871.11973219511,644.308354545896,2535.09479383355,1492.74475436596,4008.26236587095,1013.08149828029,537.606791603741,1581.77067845423,1247.3127790154,2775.63259183137,5044.64659388319,688.861473439847,5730.95066365078,1600.18943986112,7325.00814694933,7264.14833748533,"January",4747.34965273867
1983,"Q2",1869.16532644328,648.886065415304,2537.54785956716,1501.33700873401,4018.28727739963,1012.9149423055,542.697330750601,1586.8760292365,1257.46129236517,2789.18510124807,5014.73762714687,689.413676360751,5701.25360248278,1597.57724741751,7291.92645257745,7324.73178994127,"April",4838.66209554974
1983,"Q3",1867.21092069146,653.484790763169,2540.00092530079,1509.98823227864,4028.46478715325,1012.75665578617,547.826809401769,1591.98138001877,1267.70568242433,2802.98590972989,4987.01813959654,690.166273113158,5673.98416207712,1595.52028696531,7261.92114196995,7386.78243623975,"July",4929.97453836081
1983,"Q4",1865.25651493964,658.105066760548,2542.45399103442,1518.70337045559,4038.79810653586,1012.60686503517,552.994576496595,1597.08673080104,1278.04799464226,2817.0397652279,4961.67137618586,691.14096773041,5649.35038401916,1594.08841864818,7235.27705033433,7450.25414702462,"October",5021.28698117188
1984,"Q1",1863.30210918784,662.747394633382,2544.90705676805,1527.48715962413,4049.29006929773,1012.46578811314,558.199864468531,1602.19208158331,1288.48982831442,2831.35063739482,4938.85983121893,692.356441006036,5627.5359308138,1593.34259744548,7212.24421235811,7515.08630078847,"January",5112.59942398295
1984,"Q2",1861.34770343605,667.412239636742,2547.3601225017,1536.34409995771,4059.94311740748,1012.33363436844,563.44180432443,1607.29743236558,1299.03235119995,2845.92171493921,4918.72383876525,693.828193519638,5608.69849767214,1593.33438535301,7193.03574146437,7581.20440739996,"April",5203.91186679401
1984,"Q3",1859.39329768427,672.100030380765,2549.81318823535,1545.27843160226,4070.75928977121,1012.21060402376,568.719442414022,1612.40278314786,1309.67632151085,2860.75541161726,4901.38044526104,695.568433840958,5592.96856081253,1594.10559987857,7177.82620506782,7648.52095378529,"July",5295.22430960509
1984,"Q4",1857.4388919325,676.811158506084,2552.26625396901,1554.29411422452,4081.74021383787,1012.09688781114,574.031758669376,1617.50813393013,1320.4221167874,2875.85338052389,4886.92257263957,697.586012422747,5580.4484711758,1595.6881002999,7166.7505061606,7716.93646304385,"October",5386.53675241616
1985,"Q1",1855.48448618074,681.54597870072,2554.71931970267,1563.39481003603,4092.88710009288,1011.99266665699,579.377686063218,1622.61348471241,1331.26976903732,2891.21653620646,4875.4184761975,699.886400988555,5571.21189747329,1598.10371097574,7159.90327405931,7786.34075488934,"January",5477.84919522723
1985,"Q2",1853.53008042899,686.304809044491,2557.17238543635,1572.58387031978,4104.20073940365,1011.89811141834,584.756131005595,1627.71883549469,1342.21900538321,2906.84508398818,4866.91149719985,702.471716509201,5565.30361742986,1601.36427881871,7157.33875954535,7856.61439200796,"April",5569.1616380383
1985,"Q3",1851.57567467726,691.08793166217,2559.62545117003,1581.86432544109,4115.68150314959,1011.81338267085,590.1659943826,1632.82418627698,1353.26929338409,2922.73855579469,4861.42010660722,705.340788313051,5562.73965180225,1605.47186039176,7159.07122342019,7927.63029415012,"July",5660.47408084938
1985,"Q4",1849.62126892554,695.895593660806,2562.07851690371,1591.23887826421,4127.32934603139,1011.73863054926,595.606192916098,1637.92953705926,1364.41989007537,2938.89585165241,4858.93823213823,708.489266176481,5563.50773074778,1610.41903194789,7165.07580000203,7999.25549878898,"October",5751.78652366046
1986,"Q1",1847.66686317382,700.72800832215,2564.53158263741,1600.70990085182,4139.14381142516,1011.67399463989,601.075680513863,1643.03488784155,1375.6698937125,2955.31528595128,4859.43585744728,711.90976673648,5567.56807807759,1616.18931422263,7175.28981128509,8071.35304484157,"January",5843.09896647153
1986,"Q2",1845.71245742213,705.585356516841,2566.98464837111,1610.27943428042,4151.12403911826,1011.61960392502,606.57346927236,1648.14023862383,1387.0182971505,2971.99463749545,4862.85987886202,715.592055078898,5574.85449500517,1622.75770232333,7189.614501852,8143.78395384103,"April",5934.41140928261
1986,"Q3",1843.75805167044,710.467788302531,2569.43771410482,1619.94919135634,4163.26877523459,1011.57557677806,612.098649785859,1653.24558940612,1398.46404172907,2988.93120229171,4869.13520173193,719.523257834848,5585.27572098548,1630.09128947937,7207.91715878116,8216.40928097923,"July",6025.72385209369
1986,"Q4",1841.80364591877,715.375424665448,2571.89077983854,1629.72056198848,4175.57638413753,1011.54202100856,617.650410424856,1658.35094018842,1410.00607054437,3006.12184801048,4878.16605601473,723.688103839917,5598.71704647612,1638.14997262275,7230.0335770982,8289.09220727871,"October",6117.03629490477
1987,"Q1",1839.8492401671,720.308359361408,2574.34384557226,1639.59462093305,4188.04486207559,1011.51903395516,623.228055247039,1663.45629097071,1421.6433799572,3023.56306901036,4889.8375079065,728.069187999013,5615.04214914105,1646.88722652427,7255.77082657195,8361.70014291129,"January",6208.34873771585
1987,"Q2",1837.89483441545,725.266660810843,2576.79691130599,1649.57213760746,4200.67185232352,1011.50670262491,628.831020224261,1668.561641753,1433.37506823974,3041.25104083988,4904.01714264241,732.6472538693,5634.09512317603,1656.25093287381,7284.91027342229,8434.10681136322,"April",6299.66118052693
1987,"Q3",1835.94042866382,730.250374000288,2579.24997703973,1659.65358764078,4213.45466155595,1011.50510387638,634.458887480129,1673.6669925353,1445.20038027293,3059.18167312483,4920.55689157822,737.401490217423,5655.70266911432,1666.18424993155,7317.21080731388,8506.19428378019,"July",6390.97362333801
1987,"Q4",1833.98602291219,735.259522342454,2581.70304277348,1669.8391658191,4226.39027718549,1011.5143046443,640.111397260723,1678.7723433176,1457.11874728676,3077.35065980104,4939.29497567253,742.309836793795,5679.67641046106,1676.62650839382,7352.4122230258,8577.85493329852,"October",6482.28606614909
1988,"Q1",1832.03161716058,740.294109446923,2584.15610850724,1680.1288000732,4239.47538539278,1011.5343622028,645.788457388187,1683.8776940999,1469.12982071104,3095.75352570416,4960.05793664994,747.349294554718,5705.81530265103,1687.51411912401,7390.23870535374,8648.9932799006,"January",6573.59850896018
1988,"Q2",1830.07721140899,745.354120753815,2586.609174241,1690.52216614887,4252.7063895744,1011.56532446424,651.490149975586,1688.9830448822,1481.23349928318,3114.38566858727,4982.6627265658,752.49623558495,5733.9080992925,1698.78147849965,7430.40236540487,8719.52769739542,"April",6664.91095177127
1988,"Q3",1828.1228056574,750.439524984693,2589.06223997477,1701.01870260875,4266.07942894186,1011.60723031056,657.216735222988,1694.0883956645,1493.42994869387,3133.24239574124,5006.91882682633,757.726708195323,5763.73584125733,1710.36185786594,7472.60677791491,8789.39195591196,"July",6756.22339458235
1988,"Q4",1826.16839990583,755.550275366688,2591.51530570855,1711.61762581791,4279.59039701075,1011.66010995362,662.968652150243,1699.19374644681,1505.71961315795,3152.31895448102,5032.63036798114,763.01673282763,5795.07433463278,1722.18826409767,7516.55047029081,8858.53657515572,"October",6847.53583739344
1989,"Q1",1824.21399415427,760.686310588537,2593.96837144233,1722.31794457904,4293.23495973125,1011.72398532119,668.746516164496,1704.29909722911,1518.1032184342,3171.610555875,5059.59822248873,768.342584680501,5827.69658477363,1734.19425917188,7561.93031637517,8926.9299660561,"January",6938.84828020453
1989,"Q2",1822.25958840273,765.84755545111,2596.42143717612,1733.118474107,4307.00857302903,1011.79887046506,674.551113409449,1709.40444801142,1530.58176598249,3191.11239123417,5087.62204413672,773.68105936904,5861.37515565287,1746.31472792261,7608.44479138457,8994.55934129071,"April",7030.16072301562
1989,"Q3",1820.30518265119,771.033921178173,2598.87450290992,1744.0178490464,4320.90649953974,1011.88477198754,680.383391881913,1714.50979879373,1543.15651806523,3210.8196409858,5116.5022290112,779.009718212184,5895.88442526742,1758.48658401591,7655.79704707447,9061.43137792569,"July",7121.4731658267
1989,"Q4",1818.35077689967,776.245305358386,2601.32756864373,1755.01453527208,4334.92382434612,1011.98168948303,686.244449355534,1719.61514957604,1555.82897378886,3230.72747572105,5146.04177521918,784.307110278485,5931.00271080857,1770.64940587197,7703.69777112356,9127.57261893361,"October",7212.7856086378
1990,"Q1",1816.39637114817,781.481591494117,2603.78063437754,1766.10684023842,4349.05546954835,1012.08961599089,692.135518194787,1724.72050035835,1568.60083622253,3250.83104933707,5176.0480205773,789.552968734223,5966.5142398196,1782.74599553114,7751.867798755,9193.02960370494,"January",7304.09805144889
1990,"Q2",1814.44196539668,786.742648138055,2606.23370011136,1777.29292167779,4363.29620752415,1012.20853845626,698.057947189084,1729.82585114066,1581.47397088897,3271.1254843414,5206.33423994816,794.728379536925,6002.21094663654,1794.72285499868,7800.04044950789,9257.86872133082,"April",7395.41049425998
1990,"Q3",1812.4875596452,792.028327604455,2608.68676584518,1788.57079448602,4377.64067276415,1012.33843819557,704.013180583386,1734.93120192298,1594.45035608249,3291.60584953642,5236.72108663258,799.81592105027,6037.89407678062,1806.53057623997,7847.96356738289,9322.17578424967,"July",7486.72293707107
1990,"Q4",1810.53315389373,797.338464247818,2611.13983157902,1799.93833567106,4392.08337219609,1012.47929136338,710.002734524965,1740.03655270529,1607.5320256165,3312.26713044416,5267.03786504165,804.799773680608,6073.37558542463,1818.12414259632,7895.40124793516,9386.05532368477,"October",7578.03537988217
1991,"Q1",1808.57874814228,802.67287230781,2613.59289731285,1811.39328727822,4406.61869394091,1012.63106941762,716.028171184967,1745.14190348761,1620.721004735,3333.10419296484,5297.123624718,809.665799137826,6108.47931951409,1829.46314090921,7942.13524115151,9449.62961208955,"January",7669.34782269326
1991,"Q2",1806.62434239084,808.031343325623,2616.0459630467,1822.93325724661,4421.24091447398,1012.79373958044,722.091070852173,1750.24725426992,1634.01924005696,3354.11174089657,5326.82806884201,814.401589460753,6143.04197684514,1840.51188526713,7987.9660245984,9513.03742166795,"April",7760.66026550436
1991,"Q3",1804.66993663941,813.413643143349,2618.49902878055,1834.55571819222,4435.94420419522,1012.96726529199,728.193002330652,1755.35260505224,1647.42852454136,3375.28426806768,5356.01227341156,818.996486459709,6176.91383907975,1851.2394548268,8032.71354683337,9576.4325317695,"July",7851.97270831546
1991,"Q4",1802.715530888,818.819508503817,2620.95209451441,1846.25800414754,4450.72263143895,1013.15160665487,734.335491998683,1760.45795583456,1660.95041854545,3396.61600593055,5384.54921609086,823.441572657906,6209.9592790154,1861.61964942327,8076.21764592016,9639.98200140083,"October",7943.28515112656
1992,"Q1",1800.7611251366,824.248643274922,2623.40516024827,1858.03730533115,4465.57016498553,1013.34672086704,740.519991915504,1765.56330661688,1674.5861681542,3418.10086757795,5412.32411688648,827.729635327212,6242.05704621519,1871.63086822103,8118.33815349964,9703.86422662009,"January",8034.59759393766
1992,"Q2",1798.80671938521,829.700714327752,2625.85822598214,1869.89066104887,4480.4806751596,1013.55256264152,746.747847375315,1770.66865739919,1688.33662199717,3439.7323892036,5439.23459528744,831.855105534578,6273.10033798564,1881.25591756492,8158.95469884834,9768.2668054873,"April",8125.91003674876
1992,"Q3",1796.85231363383,835.175347104115,2628.31129171602,1881.81495087021,4495.44793362946,1013.76908461124,753.020264328891,1775.77400818151,1702.20214784748,3461.50367011748,5465.19065152499,835.81397458126,6302.99666627702,1890.48175557296,8197.96623258366,9833.38423631811,"July",8217.22247955986
1992,"Q4",1794.89790788247,840.672120913386,2630.7643574499,1893.80688424284,4510.46561203876,1013.99623771775,759.338277091254,1780.87935896383,1716.18255028164,3483.40731244225,5490.11448155899,839.603690394519,6331.66753326508,1899.29918145756,8235.29029241925,9899.41547715914,"October",8308.53492237096
1993,"Q1",1792.94350213113,846.190564004302,2633.21742318379,1905.8629887457,4525.52727962792,1014.23397158299,765.70271676479,1785.98470974615,1730.27699072441,3505.43536167637,5513.94013808597,843.223036817859,6359.04793153458,1907.70247869478,8270.86203787905,9966.56139684216,"January",8399.84736518207
1993,"Q2",1790.98909637979,851.730148460983,2635.67048891768,1917.97959719708,4540.62640001545,1014.48223486315,772.114180796168,1791.09006052847,1744.48391115745,3527.57924929707,5536.61305147389,846.671998850221,6385.08568653767,1915.68902137973,8304.6330829217,10035.0221494764,"April",8491.15980799317
1993,"Q3",1789.03469062847,857.290284976502,2638.12355465158,1930.15283385596,4555.75632732596,1014.74097558452,778.573004077199,1796.19541131079,1758.80096274297,3549.82973857455,5558.08942630913,849.951617052727,6409.74066099633,1923.25885354213,8336.57015795596,10104.9945056188,"July",8582.47225080428
1993,"Q4",1787.08028487716,862.87031756069,2640.57662038549,1942.37859997276,4570.91030186337,1015.01014146079,785.079231985586,1801.30076209311,1773.22494056512,3572.1768747467,5578.33553071391,853.063834446061,6432.98384252785,1930.41425143497,8366.65363463757,10176.669174295,"October",8673.78469361538
1994,"Q1",1785.12587912586,868.469518241023,2643.0296861194,1954.65255895091,4586.08144553339,1015.28968019218,791.632595734463,1806.40611287543,1787.75172559286,3594.60994064013,5597.32689637431,856.011339163345,6454.79633650044,1937.15927852705,8394.87594726297,10250.2281502784,"January",8765.09713642649
1994,"Q2",1783.17147337458,874.087081818081,2645.48275185331,1966.97012139656,4601.26275722799,1015.57953974644,798.232490379807,1811.51146365776,1802.37623490515,3617.11741878237,5615.04744832858,858.797406182031,6475.16828731357,1943.49934304448,8421.23994590417,10325.8421212388,"April",8856.40957923759
1994,"Q3",1781.21706762331,879.722120737618,2647.93581758723,1979.32643032665,4616.44710838155,1015.87966862239,804.877955794415,1816.61681444008,1817.09238107197,3639.68696094172,5631.48858353363,861.425741237646,6494.09775101588,1949.44076711986,8445.75721525159,10403.6679685789,"July",8947.72202204871
1994,"Q4",1779.26266187205,885.37366014265,2650.38888332115,1991.71634681401,4631.62723891049,1016.19001609639,811.567660888206,1821.7221652224,1831.89304149184,3662.30536595863,5646.6482176968,863.900329971887,6511.58954258741,1954.99037639486,8468.44639329606,10483.8463950767,"October",9039.03446485981
1995,"Q1",1777.30825612081,891.04063316853,2652.84194905508,2004.13443633706,4646.79575374072,1016.51053245277,818.299891309305,1826.82751600471,1846.7700383267,3684.95856660579,5660.52981936544,866.225295090469,6527.65408039497,1960.15511798193,8489.33152207462,10566.4997108822,"January",9130.34690767093
1995,"Q2",1775.35385036957,896.721876543453,2655.29501478901,2016.57495609593,4661.94512011988,1016.84116919888,825.072540818636,1831.93286678703,1861.71412953441,3707.63162609709,5673.14144982205,868.404764080419,6542.3062496187,1964.94171393535,8508.44046110789,10651.7298076641,"April",9221.65935048204
1995,"Q3",1773.39944461835,902.416126555534,2657.74808052295,2029.03184354426,4677.06766590055,1017.18187926595,831.883106483762,1837.03821756935,1876.71501133994,3730.30874472999,5684.49482646761,870.442749734735,6555.56430522323,1969.3563563937,8525.80339177168,10739.6163484611,"July",9312.97179329315
1995,"Q4",1771.44503886715,908.12201544575,2660.20114625689,2041.49870637271,4692.15557896724,1017.53261719644,838.728687790859,1842.14356835167,1891.76133233001,3752.97327700872,5694.60442635006,872.343045426094,6567.44883365388,1973.4044495694,8541.45143828635,10830.2151982524,"October",9404.28423610426
1996,"Q1",1769.49063311595,913.838068283191,2662.65421199084,2053.96881415875,4707.20090796255,1017.89333931929,845.605989720358,1847.24891913399,1906.84071917479,3775.60775943577,5703.4866449584,874.109136664886,6577.98179041452,1977.09040246218,8555.4154274529,10923.5571172209,"January",9495.59667891538
1996,"Q2",1767.53622736477,919.56270037632,2665.10727772479,2066.43509188191,4722.1955644513,1018.2640039137,852.511329785552,1852.3542699163,1921.93981383176,3798.1939490197,5711.15902404614,875.744130158103,6587.18562893761,1980.41747517786,8567.7248063276,11019.6467355952,"April",9586.90912172649
1996,"Q3",1765.5818216136,925.29421527017,2667.56034345874,2078.89011548055,4737.13132664128,1018.64457136263,859.440648981947,1857.45962069862,1937.04432191747,3820.71287238939,5717.63956042683,877.250701177631,6595.08253384051,1983.38768046018,8578.406733195,11118.4618254407,"July",9678.22156453761
1996,"Q4",1763.62741586244,931.030803375027,2670.01340919269,2091.32610959968,4751.99984475589,1019.03500429677,866.389526543257,1862.56497148093,1952.13907176238,3843.14488524327,5722.94610564616,878.631059615173,6601.69376909809,1986.00174070795,8587.4853530438,11219.9528810063,"October",9769.53400734873
1997,"Q1",1761.67301011129,936.770541267983,2672.46647492665,2103.73494766053,4766.79264813394,1019.43526772977,873.353198356646,1867.67032226325,1967.20808353261,3865.46974172615,5727.09586464255,879.886934770251,6607.03914945766,1988.25909975609,8594.98126533968,11324.0430155414,"January",9860.84645015984
1997,"Q2",1759.71860436016,942.511391703561,2674.91954066062,2116.1081543546,4781.50115410716,1019.84532918534,880.326578842048,1872.77567304556,1982.23464764991,3887.66667317467,5730.10499928423,881.019578500548,6611.13664068402,1990.15798743407,8600.91118763101,11430.6281784823,"April",9952.15889297096
1997,"Q3",1757.76419860904,948.251204364211,2677.37260639458,2128.43691063923,4796.11667868166,1020.26515881671,887.304286057224,1877.88102382787,1997.20141160968,3909.71447553295,5731.98834049458,882.029785987517,6614.00209157823,1991.69553379466,8605.28781452052,11539.5776928846,"July",10043.4713357821
1997,"Q4",1755.80979285793,953.987717376,2679.82567212855,2140.71206128762,4810.63044902604,1020.69472951865,894.280669752076,1882.98637461018,2012.09047418483,3931.59160461576,5732.75921056556,882.917933036173,6615.64909818038,1992.86792893182,8608.11986781006,11650.7351090119,"October",10134.7837785932
1998,"Q1",1753.85538710683,959.718559609087,2682.27873786252,2152.92412502357,4825.03361774621,1021.13401703233,901.249842062244,1888.09172539249,2026.88348591071,3953.27627828583,5732.42935521487,883.684028533202,6616.08899814639,1993.67062346868,8609.41233016623,11763.9193660932,"January",10226.0962214043
1998,"Q2",1751.90098135574,965.44125377633,2684.73180359649,2165.06330724416,4839.31727890185,1021.58300004266,908.20571049862,1893.1970761748,2041.56175465125,3974.74658449971,5731.00898272502,884.327780362471,6615.33099065943,1994.09856386436,8609.16685087865,11878.9262503156,"April",10317.4086642154
1998,"Q3",1749.94657560466,971.153220337344,2687.18486933047,2177.11951531277,4853.47248569845,1022.04166026801,915.142012865411,1898.3024269571,2056.10635498935,3995.98059409422,5728.50690561788,884.848672855296,6613.38237505934,1994.14645609824,8607.38230935011,11995.5301334794,"July",10408.7211070266
1998,"Q4",1747.9921698536,976.851782209224,2689.63793506444,2189.0823763846,4867.49026976783,1022.50998254166,922.052353719602,1903.4077777394,2070.49824014336,4016.95647711556,5724.93077850437,885.246053658677,6610.24889929975,1993.80905079172,8604.05551923592,12113.4859732652,"October",10500.0335498377
1999,"Q1",1746.03776410255,982.534170278775,2692.09100079842,2200.94125770528,4881.36166192966,1022.98795488425,928.930241968389,1908.51312852171,2084.71835508051,4037.65262143378,5720.2874239868,885.519227728365,6605.93520734173,1993.08144238739,8599.18205356908,12232.5315527647,"January",10591.3459926488
1999,"Q2",1744.0833583515,988.197529705032,2694.5440665324,2212.68528930717,4895.0777143094,1023.47556856625,935.769129193141,1913.61847930401,2098.74774949949,4058.0477523524,5714.58323704469,885.667556062538,6600.44537300735,1991.95937484192,8592.75716936363,12352.3899340021,"April",10682.6584354599
1999,"Q3",1742.12895260047,993.838926994649,2696.99713226639,2224.30338901014,4908.6295236711,1023.97281815937,942.562448283693,1918.72383008631,2112.56768936558,4078.12105190044,5707.82465696236,885.690556715746,6593.78350632496,1990.43954617071,8584.77680849353,12472.7720974907,"July",10773.9708782711
1999,"Q4",1740.17454684945,999.455357826859,2699.45019800037,2235.78428962097,4922.00825581004,1024.47970157547,949.303651970087,1923.8291808686,2126.15976572209,4097.85227649731,5700.01869482202,885.588005638985,6585.95441734084,1988.51990432747,8575.23865069116,12593.3797376193,"October",10865.2833210822
2000,"Q1",1738.22014109844,1005.04375559889,2701.90326373436,2247.11656821299,4935.20517083833,1024.99622009149,955.986250846087,1928.9345316509,2139.50599955472,4117.22187169739,5691.17350369764,885.360034923996,6576.96432149439,1986.19992712508,8564.14319383076,12713.9081817466,"January",10956.5957638933
2000,"Q2",1736.26573534745,1010.601000657,2704.35632946834,2258.28867735535,4948.21164918591,1025.52237835883,962.60385049085,1934.03988243319,2152.58894155334,4136.21108275362,5681.29897800813,885.007226101607,6566.82157003632,1983.48087924709,8551.49483638762,12834.0493993423,"April",11047.9082067044
2000,"Q3",1734.31132959646,1016.12393017316,2706.80939520233,2269.28897815569,4961.01921813333,1026.05818439528,969.150187315329,1939.14523321548,2165.3917657135,4154.80205979875,5670.40736821167,884.53069630316,6555.53738885638,1980.36604001822,8537.30293751741,12953.4950665126,"July",11139.2206495156
2000,"Q4",1732.35692384548,1021.60934862209,2709.26246093632,2280.10577497004,4973.6195786865,1026.60364955776,975.619162780954,1944.25058399777,2177.89835581523,4172.97795650551,5658.51389678773,883.932175238972,6543.12660900239,1976.86089616232,8521.58283072157,13071.9396505363,"October",11230.5330923267
2001,"Q1",1730.40251809451,1027.05403880884,2711.71552667031,2290.72735163002,4986.0046326014,1027.15878849398,982.004875666652,1949.35593478005,2190.09338393867,4190.72302117554,5645.6373616246,883.214071175461,6529.60837259384,1972.97329459438,8504.35676839765,13189.0834788768,"January",11321.8455351378
2001,"Q2",1728.44811234356,1032.45477339237,2714.1685924043,2301.14200903255,4998.16650936586,1027.72361907096,988.301652091127,1954.46128556234,2201.96238030266,4208.0226793033,5631.80071325847,882.379524331694,6515.0067984287,1968.7135511341,8485.65477611437,13304.6357573674,"April",11413.157977949
2001,"Q3",1726.49370659261,1037.8083268468,2716.62165813829,2311.33810393504,5010.0975929477,1028.29816227873,994.504073032588,1959.56663634462,2213.49179385229,4224.86360677435,5617.03159301989,881.43244639878,6499.35159251385,1964.09451199769,8465.5153974845,13418.3175029636,"July",11504.4704207601
2001,"Q4",1724.53930084167,1043.11148779787,2719.07472387228,2321.30408879288,5021.79054812002,1028.88244210727,1000.60699912235,1964.6719871269,2224.66904315064,4241.23379296736,5601.36281976389,880.377545135987,6482.67858965796,1959.13156577221,8443.98631238919,13529.8643574485,"October",11595.7828635712
2002,"Q1",1722.58489509074,1048.36107166927,2721.52778960626,2331.02855248251,5033.23834618402,1029.4764853949,1006.60559253506,1969.77733790918,2235.4825573071,4257.12259318079,5584.8328141902,879.220333404979,6465.03021407107,1953.84260492263,8421.12481466432,13639.0292502145,"January",11687.0953063824
2002,"Q2",1720.63048933983,1053.55393357005,2723.98085534025,2340.50026174129,5044.43428991151,1030.08032164679,1012.49533583034,1974.88268869145,2245.92180678342,4272.5207699114,5567.4859504424,877.967122197407,6446.45584782811,1948.24793651228,8396.99813701422,13745.584879823,"April",11778.4077491935
2002,"Q3",1718.67608358892,1058.68698135211,2726.43392107424,2349.70820316401,5055.37203754286,1030.69398282188,1018.27204765104,1979.98803947373,2255.97732410349,4287.42052267945,5549.37282641625,876.624997656233,6427.01209832145,1942.37014325392,8371.68361485989,13849.3259865838,"July",11869.7201920046
2002,"Q4",1716.72167783802,1063.75718876447,2728.88698680823,2358.64162558948,5066.04562568344,1031.31750308731,1023.93189522103,1985.093390256,2265.64071461683,4301.8155062229,5530.55044539562,875.201782348542,6406.7629573288,1936.23389681519,8345.26868329108,13950.071390806,"October",11961.0326348158
2003,"Q1",1714.76727208713,1068.76160862925,2731.34005254222,2367.2900827095,5076.44949095311,1031.95091853938,1029.47140362786,1990.19874103826,2274.90465760722,4315.70083702798,5511.08230320283,873.705981372295,6385.77984628487,1929.86572631313,8317.85070445733,14047.6657742696,"January",12052.3450776269
2003,"Q2",1712.81286633625,1073.69738596318,2733.79311827621,2375.64347573391,5086.5784902569,1032.59426689033,1034.88746191917,1995.30409182053,2283.76289817928,4329.07308831273,5491.03837678098,872.146714213849,6364.14154448599,1923.29374596091,8289.53662610531,14141.9811856647,"April",12143.657520438
2003,"Q3",1710.85846058538,1078.56177096718,2736.2461840102,2383.69209593952,5096.42791955605,1033.24758712091,1040.17732607847,2000.40944260279,2292.2102304661,4341.9302737092,5470.49501165316,870.53363351874,6341.93399879327,1916.54734655354,8260.4424746954,14232.9182540037,"July",12234.9699632492
2003,"Q4",1708.90405483452,1083.35213180655,2738.69924974418,2391.42666692899,5105.99353103257,1033.91091909852,1045.33861898401,2005.51479338505,2300.24247281297,4354.27182002432,5449.53470741704,868.876832204293,6319.25001544981,1909.65685625751,8230.69268953955,14320.4070975395,"October",12326.2824060603
2004,"Q1",1706.94964908367,1088.06596710401,2741.15231547817,2398.83838642471,5115.27154855536,1034.58430316173,1050.36932749176,2010.62014416731,2307.85643570049,4366.09852959266,5428.24580224188,867.18674060661,6296.18883677252,1902.65317692871,8200.41930748922,14404.4079194515,"January",12417.5948488715
2004,"Q2",1704.99524333283,1092.70091806808,2743.60538121215,2405.91896741253,5124.25868136699,1035.26777967182,1055.26779681043,2015.72549494957,2315.04988322957,4377.41253283357,5406.72205871764,865.474015477771,6272.85560703736,1895.56740247193,8169.76100966974,14484.9112851066,"April",12508.9072916826
2004,"Q3",1703.04083758199,1097.25478018048,2746.05844694614,2412.66067845143,5132.95213592663,1035.96138853274,1060.03272236949,2020.83084573182,2321.82148907966,4388.21723174695,5385.06215525643,863.749422878788,6249.36073402792,1888.43042638372,8138.86204470967,14561.9380796288,"July",12600.2197344937
2004,"Q4",1701.08643183117,1101.72551436731,2748.51151268012,2419.056382955,5141.34962585619,1036.66516868127,1064.66313940252,2025.93619651407,2328.17078788545,4398.51723516417,5363.36908856913,862.023717082369,6225.81915415507,1881.2725457147,8107.8710445435,14635.5391481349,"October",12691.5321773049
2005,"Q1",1699.13202608035,1106.11125758015,2750.9645784141,2425.09957724547,5149.44937995014,1037.37915754942,1069.15841048918,2031.04154729632,2334.09812301255,4408.31828665293,5341.74949417395,860.307517685418,6202.34951062596,1874.1230688329,8076.9397506899,14705.7946246928,"January",12782.844620116
2005,"Q2",1697.17762032955,1110.410332716,2753.41764414808,2430.78442717632,5157.25014822275,1038.10339050191,1073.51821131657,2036.14689807857,2339.60459173394,4417.62718604634,5320.31289324409,858.611187185269,6179.07325559047,1867.0099344081,8046.22167048762,14772.8129596897,"April",12874.1570629272
2005,"Q3",1695.22321457875,1114.6212578067,2755.87070988206,2436.10580310828,5164.75120597651,1038.83790025148,1077.74251492938,2041.25224886081,2344.69198879145,4426.45170560715,5299.17087505852,856.944711216344,6156.11368812102,1859.95934870952,8015.87068341084,14836.7296586117,"July",12965.4695057383
2005,"Q4",1693.26880882796,1118.74275441212,2758.32377561604,2441.05931302122,5171.95235588839,1039.5827162557,1081.83157474835,2046.35759964306,2349.36274932126,4434.8005018859,5278.43622546142,855.317583637058,6133.59494105209,1852.99544814697,7986.03961865424,14897.7057485867,"October",13056.7819485494
2006,"Q1",1691.31440307718,1122.77375515441,2760.77684135001,2445.64133353515,5178.8539281198,1040.33786409909,1085.78590663779,2051.4629504253,2353.61989207754,4442.68302434671,5258.22201243905,853.738698535212,6111.64093030314,1846.13999345038,7956.87882524597,14955.9259919977,"January",13148.0943913606
2006,"Q2",1689.3599973264,1126.71341033428,2763.22990708399,2449.84903860659,5185.45677846497,1041.10336486461,1089.60627029961,2056.56830120753,2357.46696383128,4450.1094218369,5238.64064048128,852.216251068501,6090.37428072628,1839.41210125359,7928.5347557214,15011.5968691815,"April",13239.4068341717
2006,"Q3",1687.40559157564,1130.5610935751,2765.68297281796,2453.68042566633,5191.76228456336,1041.87923449922,1093.29365027027,2061.67365198977,2360.90798577418,4457.09044798234,5219.802886057,850.757648947013,6069.91524308665,1832.82801836186,7901.14858447464,15064.9443548447,"July",13330.7192769829
2006,"Q4",1685.45118582488,1134.31640644423,2768.13603855194,2457.1343389534,5197.77234020578,1042.66548317836,1096.84923678004,2066.779002772,2363.94740264972,4463.63736654587,5201.81692644188,849.369436067734,6050.3806163788,1826.4009428922,7874.85488031991,15116.211514749,"October",13422.031719794
2007,"Q1",1683.49678007413,1137.97918200711,2770.58910428591,2460.21048980583,5203.48934777486,1043.46211467423,1100.27440672827,2071.88435355423,2366.59003527471,4469.76185777306,5184.78737457013,848.057229678995,6031.8826899898,1820.14089593372,7849.78035254249,15165.6559512704,"January",13513.3441626052
2007,"Q2",1681.54237432339,1141.5494872741,2773.04217001988,2462.90947366187,5208.91620886311,1044.26912573345,1103.57070500453,2076.98970433646,2368.84103698815,4475.47592668008,5168.81433214343,846.825672109006,6014.52821940702,1814.05464615152,7826.04268756065,15213.5471276773,"April",13604.6566054163
2007,"Q3",1679.58796857266,1145.02762450638,2775.49523575385,2465.23278353166,5214.05631311953,1045.0865054693,1106.73982637064,2082.09505511869,2370.70585447587,4480.79181419152,5153.99247314788,845.678397875024,5998.4174488547,1808.14568895961,7803.7494921372,15260.1636021936,"July",13695.9690482274
2007,"Q4",1677.63356282193,1148.41413135317,2777.94830148782,2467.18281970183,5218.91352537937,1045.91423477425,1109.78359809323,2087.20040590091,2372.19019329791,4485.72191195733,5140.41016935263,844.618016669534,5983.64319331274,1802.41428076793,7782.99735690427,15305.7902035426,"October",13787.2814910386
2008,"Q1",1675.67915707122,1151.70977979895,2780.40136722178,2468.76289544429,5223.49217113637,1046.75228575823,1112.70396349395,2092.30575668314,2373.29998833553,4490.27868160202,5128.14866880013,843.646112438144,5970.28999149348,1796.85752782952,7763.87105199357,15350.7151800209,"January",13878.5939338497
2008,"Q2",1673.72475132051,1154.9155739062,2782.85443295575,2469.97723850883,5227.79702041956,1047.60062121833,1115.50296655588,2097.41110746536,2374.04137925045,4494.47457906516,5117.28133743204,842.763258436891,5958.43334011735,1791.46952810116,7746.44286407497,15395.2273540271,"April",13969.9063766609
2008,"Q3",1671.77034556981,1158.03274634641,2785.30749868971,2470.83098819881,5231.83327014259,1048.45919414529,1118.1827377025,2102.51645824758,2374.42069095465,4498.32198461356,5107.87297333713,841.969047925096,5948.13901890637,1786.24156374778,7730.77208229557,15439.6133136836,"July",14061.218819472
2008,"Q4",1669.81593981911,1161.06275371893,2787.76056442368,2471.3301878381,5235.60652499253,1049.3279472721,1120.74548083033,2107.6218090298,2374.44441894458,4501.83313898309,5099.97920171087,841.262139756682,5939.46251386342,1781.16234062459,7716.90463727528,15484.1546721323,"October",14152.5312622832
2009,"Q1",1667.86153406843,1164.00727066559,2790.21363015764,2471.48177246926,5239.12277693309,1050.2068126699,1123.1934616573,2112.72715981201,2374.11921928749,4505.02008603677,5093.64595797653,840.640317986408,5932.44854559123,1776.21827059981,7704.87289595011,15529.1254242282,"January",14243.8437050943
2009,"Q2",1665.90712831775,1166.86818279604,2792.6666958916,2471.29355163917,5242.38838339569,1051.09571139592,1125.52899741396,2117.83251059423,2373.45190291465,4507.89462219795,5088.90906493497,840.100564244533,5927.13070739464,1771.39379141758,7694.69561169011,15574.7894286014,"April",14335.1561479055
2009,"Q3",1663.95272256707,1169.64757844692,2795.11976162556,2470.77418716251,5245.41004423724,1051.99455319794,1127.75444788233,2122.93786137644,2372.44943380714,4510.46825283138,5085.79390880991,839.639141469217,5923.53121670605,1766.67171830513,7686.37802731752,15621.3980414106,"July",14426.4685907166
2009,"Q4",1661.99831681641,1172.34773930628,2797.57282735952,2469.93316578527,5248.19477754628,1052.90323627946,1129.87220776116,2128.04321215865,2371.11893057716,4512.75215564205,5084.31521773488,839.251687373274,5921.66078179134,1762.03362088963,7679.9121262953,15669.1879259912,"October",14517.7810335278
2010,"Q1",1660.04391106575,1174.97112994201,2800.02589309348,2468.78076670534,5250.74989438128,1053.82164712911,1131.88470031154,2133.14856294086,2369.46767087576,4514.75715106201,5084.47694487221,838.933315837386,5921.51858410344,1757.46021845996,7675.2770251105,15718.3790602148,"January",14609.0934763389
2010,"Q2",1658.0895053151,1177.52038628182,2802.47895882744,2467.32802394772,5253.08297252932,1054.74966041742,1133.79437221595,2138.25391372307,2367.50309800844,4516.49367950628,5086.27225710687,838.67872430185,5923.09237524079,1752.93178630355,7672.43949805915,15769.1729608362,"April",14700.4059191501
2010,"Q3",1656.13509956446,1179.99830309984,2804.93202456139,2465.58668363743,5255.20182937766,1055.68713896367,1135.60368956667,2143.35926450527,2365.23282910858,4517.97178530023,5089.68362908266,838.482305161614,5926.35868618738,1748.42856573003,7671.35462415798,15821.7511414014,"July",14791.7183619612
2010,"Q4",1654.18069381382,1182.40782057268,2807.38509029535,2463.56915625151,5257.11449399196,1056.6339337747,1137.31513487723,2148.46461528748,2362.6646641696,4519.20110698368,5094.68304081935,838.338259035334,5931.28314479707,1743.93117006875,7671.9665437507,15876.2738171833,"October",14883.0308047724
2011,"Q1",1652.22628806319,1184.75200997598,2809.83815602931,2461.28846398939,5258.82917850364,1057.58988415709,1138.9312050045,2153.56996606968,2359.80659526124,4520.19087365229,5101.23227637177,838.240707876406,5937.82089678762,1739.42097937023,7674.20931210753,15932.8788678324,"January",14974.3432475835
2011,"Q2",1650.27188231257,1187.0340585991,2812.29122176326,2458.75818344108,5260.35424890875,1058.55481790339,1140.45440985093,2158.67531685189,2356.66681522618,4520.94990690969,5109.28331946595,838.183805809364,5945.91712385084,1734.88051639944,7678.00783541261,15991.6810650451,"April",15065.6556903947
2011,"Q3",1648.31747656195,1189.2572539634,2814.74428749722,2455.99238378941,5261.69819538873,1059.52855155258,1141.88727171265,2163.78066763409,2353.2537251937,4521.48662796606,5118.77884124594,838.161845706943,5955.50765180089,1730.29379708208,7683.27887441838,16052.7715695346,"July",15156.9681332058
2011,"Q4",1646.36307081134,1191.42496743577,2817.19735323117,2453.0055608338,5262.86960226766,1060.51089072398,1143.23232513462,2168.88601841629,2349.57594027825,4521.80906937416,5129.65277427918,838.169359618152,5966.51964076872,1725.64664902425,7689.93210056793,16116.2176983942,"October",15248.280576017
2012,"Q1",1644.40866506073,1193.54063733547,2819.65041896513,2449.81256717267,5263.87711772508,1061.50163052344,1144.49211712991,2173.99136919849,2345.64229286947,4521.92489085434,5141.83096600983,838.201211269919,5978.87234858427,1720.92699224453,7697.87118902257,16182.0629607214,"January",15339.5930188281
2012,"Q2",1642.45425931013,1195.60775163791,2822.10348469908,2446.42853893321,5264.72942338847,1062.50055601966,1145.66920762212,2179.09671998068,2341.46183298125,4521.84139863721,5155.23190411037,838.252679041637,5992.47795791464,1716.12507698996,7706.99493320476,16250.3273562992,"April",15430.9054616393
2012,"Q3",1640.49985355954,1197.62983038441,2824.55655043303,2442.8688194916,5265.4352039367,1063.50744278819,1146.76616997738,2184.20207076288,2337.04382521256,4521.56556775041,5169.76750570861,838.31952806065,6007.24245750289,1711.23367447482,7717.19836625933,16321.0079292517,"July",15522.2179044505
2012,"Q4",1638.54544780895,1199.61040791088,2827.00961616699,2439.14888066778,5266.00311684759,1064.52205751956,1147.78559149337,2189.30742154508,2332.39774192784,4521.10406665262,5185.34396163996,838.398070214076,6023.06656715773,1706.2482170154,7728.37387477812,16394.0795655511,"October",15613.5303472616
2013,"Q1",1636.59104205836,1201.55301501252,2829.46268190094,2435.28424192884,5266.44176242887,1065.54415868784,1148.73007372571,2194.41277232727,2327.53325236889,4520.46328363457,5201.86262663793,838.485211170789,6039.84669621618,1701.16688515786,7740.41229140551,16469.4960206743,"January",15704.8427900728
2013,"Q2",1634.63663630779,1203.46116116452,2831.91574763489,2431.29038817826,5266.7596542774,1066.57349727492,1149.60223254437,2199.51812310946,2322.46020750873,4519.64935442329,5219.22094612574,838.578483787422,6057.47592524084,1695.99064045515,7753.20395411095,16547.1911612551,"April",15796.1552328839
2013,"Q3",1632.68223055721,1205.33831692059,2834.36881336884,2427.1826867401,5266.9651903114,1067.60981754565,1150.40469782063,2204.62347389166,2317.18862053413,4518.66819042966,5237.31340979917,838.67606747259,6075.84500043938,1690.72320333825,7766.6397204678,16627.0804021125,"July",15887.4676756951
2013,"Q4",1630.72782480664,1207.18789661264,2836.8218791028,2422.97630418688,5267.06662452731,1068.65285786809,1151.14011266554,2209.72882467385,2311.7286429689,4517.52550712535,5256.03252239832,838.776793445884,6094.84333089073,1685.37097683788,7780.61192730325,16709.0623181956,"October",15978.7801185062
2014,"Q1",1628.77341905608,1209.01324147543,2839.27494483675,2418.68612368479,5267.07203963269,1069.70235157311,1151.81113215353,2214.83417545604,2306.09053653927,4516.22685205979,5275.26978192139,838.880136066822,6114.35997876671,1679.94291780691,7795.01528714835,16793.0204091072,"January",16070.0925613174
2014,"Q2",1626.81901330552,1210.81760331892,2841.7280105707,2414.3266635504,5266.98932070798,1070.75802784691,1152.42042148083,2219.93952623823,2300.28464097866,4514.77763206372,5294.91665560022,838.986190674419,6134.28463308753,1674.45035826387,7809.74771432103,16878.8249923436,"April",16161.4050041285
2014,"Q3",1624.86460755497,1212.60412887009,2844.18107630465,2409.91199773076,5266.82613005025,1071.81961264971,1152.97065352667,2225.04487702041,2294.32133807287,4513.18313923407,5314.86554423024,839.095638664886,6154.50855813383,1668.90678050318,7824.7110751852,16966.335200236,"July",16252.7174469397
2014,"Q4",1622.91020180442,1214.37584490323,2846.63414203861,2405.45567892883,5266.58988335219,1072.88682965401,1153.46450580348,2230.1502278026,2288.21101234217,4511.44857534416,5335.01072577272,839.209700799091,6174.92550825216,1663.32755055451,7839.81185877697,17055.4010547037,"October",16344.0298897508
2015,"Q1",1620.95579605387,1216.13564427412,2849.08720777256,2400.97066509069,5266.28772736347,1073.95940119517,1153.90465679338,2235.25557858479,2281.96400881613,4509.57907435272,5355.24926919671,839.330079880718,6195.43260100024,1657.72961511785,7854.96176479278,17145.8655931422,"January",16435.342332562
2015,"Q2",1619.00139030333,1217.88627296958,2851.54027350651,2396.46924997512,5265.9265191831,1075.03704922731,1154.29378169209,2240.36092936697,2275.59058846733,4507.57972276024,5375.48191034294,839.458894262546,6215.9311417506,1652.13116817586,7870.07820831841,17237.5670187452,"April",16526.6547753731
2015,"Q3",1617.04698455279,1219.63031827815,2853.99333924047,2391.96299850501,5265.51280732206,1076.11949627751,1154.63454759053,2245.46628014916,2269.10088190768,4505.45557758947,5395.61388172006,839.598603724805,6236.32739309564,1646.55129379026,7885.08474124239,17330.3408483638,"July",16617.9672181843
2015,"Q4",1615.09257880225,1221.37019818139,2856.44640497442,2387.46268758031,5265.05281467009,1077.20646639126,1154.92960813887,2250.57163093134,2262.50484200871,4503.21168181778,5415.55568868003,839.751929424164,6256.53328311146,1641.00959209934,7899.9113915988,17424.0220313518,"October",16709.2796609955
2016,"Q1",1613.13817305172,1223.10815205885,2858.89947070837,2382.97825300812,5264.55242349426,1078.29768606223,1155.18159775377,2255.67698171353,2255.81219616478,4500.85307714756,5435.22382514066,839.92176977314,6276.4670474508,1635.52579604799,7914.49492359722,17518.4470135855,"January",16800.5921038066
2016,"Q2",1611.18376730119,1224.8462327911,2861.35253644233,2378.518743165,5264.01716258556,1079.39288514009,1155.39312543624,2260.78233249571,2249.03239892869,4498.3848140309,5454.54142235745,840.111114122617,6296.05380059207,1630.11938639377,7928.77902149094,17613.4557215984,"April",16891.9045466178
2016,"Q3",1609.22936155066,1226.58630033702,2863.80560217628,2374.09227996234,5263.45219665828,1080.49179770974,1155.56676827504,2265.88768327789,2242.1745857591,4495.8119589023,5473.43882475968,840.322956139427,6315.22603211931,1624.80921254755,7942.71440103202,17708.8934428987,"July",16983.2169894289
2016,"Q4",1607.27495580014,1228.33001685258,2866.25866791023,2369.70602764502,5262.86231809913,1081.59416293634,1155.70506472444,2270.99303406008,2235.24752865191,4493.13959863339,5491.85408780938,840.560208867786,6333.92402498026,1619.61312706134,7956.25885366501,17804.6125801932,"October",17074.5294322401
2017,"Q1",1605.32055004962,1230.07884340774,2868.71173364419,2365.36616988512,5262.25194114375,1082.6997258707,1155.81050773896,2276.09838484226,2228.25959436679,4490.3728422207,5509.73339284842,840.825623266139,6352.09619246757,1614.54764085061,7969.37722763102,17900.4742585058,"January",17165.8418750512
2017,"Q2",1603.3661442991,1231.83403834871,2871.16479937814,2361.07789558248,5261.62509854927,1083.80823820994,1155.88553785945,2281.20373562444,2221.21870597647,4487.51681977741,5527.03137496816,841.121712068365,6369.69933182763,1609.62760633383,7982.04135147856,17996.3497663576,"April",17257.1543178624
2017,"Q3",1601.41173854858,1233.59665734148,2873.6178651121,2356.84539371058,5260.9854408127,1084.91945900938,1155.93253633864,2286.30908640662,2214.13230839581,4484.57667890048,5543.71136012143,841.450680602479,6386.69879236342,1604.86593485907,7994.22990457603,18092.121813953,"July",17348.4667606735
2017,"Q4",1599.45733279807,1235.36755512187,2876.07093084605,2352.67185748039,5260.33623797119,1086.03315534175,1155.95381839598,2291.4144371888,2207.00733851482,4481.55757851674,5559.74550845285,841.814366111423,6403.06855658038,1600.27335438095,8005.92823950864,18187.6855936377,"October",17439.7792034847
2018,"Q1",1597.50292704755,1237.14738896628,2878.52399658001,2348.55949801758,5259.68038400127,1087.1491029007,1155.9516266841,2296.51978797098,2199.85020047762,4478.46468031077,5575.11486110392,842.21418687825,6418.79123295602,1595.85821243061,8017.12816029824,18282.9496300332,"January",17531.0916462959
2018,"Q2",1595.54852129704,1238.93662388632,2880.97706231396,2344.50956767938,5259.02040382036,1088.26708654627,1155.92812504848,2301.62513875316,2192.66674660147,4475.30313786485,5589.80928853379,842.651102333444,6433.85795958715,1591.62632887973,8027.82766051788,18377.8364098313,"April",17622.404089107
2018,"Q3",1593.59411554653,1240.73553953921,2883.43012804792,2340.52239305272,5258.35846287283,1089.38690079077,1155.88539264747,2306.73048953534,2185.4622643163,4472.07808362114,5603.82733846492,843.125584987832,6448.2682176844,1587.58090176461,8038.03062375967,18472.282783415,"July",17713.7165319182
2018,"Q4",1591.63970979602,1242.54423883551,2885.88319378188,2336.59741760623,5257.69637926949,1090.50835022379,1155.82541849747,2311.83584031751,2178.24146944552,4468.7946137973,5617.17598232956,843.637604881359,6462.02955450868,1583.72246879093,8047.74648888595,18566.2401331557,"October",17805.0289747293
2019,"Q1",1589.68530404552,1244.36265821513,2888.33625951583,2332.73325388825,5257.03563843007,1091.63124987654,1155.75009649293,2316.94119109969,2171.00850603594,4465.45777136797,5629.87025924696,844.186626913763,6475.15721515767,1580.0489259332,8056.98988101256,18659.6743055258,"January",17896.3414175405
2019,"Q2",1587.73089829501,1246.19057955287,2890.78932524979,2328.92774509266,5256.37741016418,1092.75542552559,1155.66122094321,2322.04654188187,2163.76695286078,4462.07252722657,5641.93281707271,844.771621198391,6487.67368289769,1576.55560366248,8065.78020853658,18752.5653066685,"April",17987.6538603516
2019,"Q3",1585.7764925445,1248.0276436454,2893.24239098374,2325.17803574113,5255.72256810903,1093.88071393741,1155.5604826529,2327.15189266405,2156.51983660883,4458.6437596208,5653.39335022353,845.391086268008,6499.60812757009,1573.23540017181,8074.14122510604,18844.9067632766,"July",18078.9663031628
2019,"Q4",1583.822086794,1249.87336522346,2895.6954567177,2321.48065116907,5255.07171143051,1095.00696305543,1155.44946556436,2332.25724344623,2149.2696516939,4455.17623195619,5664.28793447995,846.043084754202,6510.99576189401,1570.07897015456,8082.10055486772,18936.7051529698,"October",18170.278745974
2020,"Q1",1581.8676810435,1251.72714942527,2898.14852245166,2317.83158543863,5254.42518867951,1096.13403213191,1155.3296439652,2337.3625942284,2142.01838650892,4451.67456903479,5674.65825903202,846.725290855606,6521.8771052258,1567.07496656019,8089.68917784793,19027.9788102893,"January",18261.5911887851
2020,"Q2",1579.91327529299,1253.58830966099,2900.60158818562,2314.22639725178,5253.78312368595,1097.26179180774,1155.2023802544,2342.46794501058,2134.76755587376,4448.14323179023,5684.55075640716,847.43504871338,6532.29715451013,1564.21033198941,8096.94087169051,19118.7567163903,"April",18352.9036315963
2020,"Q3",1577.95886954249,1255.45608679246,2903.05465391957,2310.66031338874,5253.14544336252,1098.39012414349,1155.06892324734,2347.57329579276,2127.51823933554,4444.58649055701,5694.01563099224,848.169440564938,6542.30446196947,1561.47063547573,8103.8916048004,19209.0770820957,"July",18444.2160744074
2020,"Q4",1576.00446379199,1257.32966954896,2905.50771965353,2307.12833916429,5252.51190728531,1099.51892260548,1154.93040699303,2352.67864657493,2120.27112492369,4441.00839690736,5703.10578719612,848.925363406861,6551.9501192723,1558.84044985095,8110.57887555694,19298.9857354942,"October",18535.5285172186
2021,"Q1",1574.05005804149,1259.20821609652,2907.96078538749,2303.6253753615,5251.88213891064,1100.6480920112,1154.78785006253,2357.78399735711,2113.02655788004,4437.41275405683,5711.87565815361,849.699612669573,6561.28664752816,1556.30376407056,8117.04099096951,19388.5343262235,"January",18626.8409600297
2021,"Q2",1572.09565229099,1261.09087667771,2910.41385112144,2300.146341094,5251.25565828916,1101.77754843831,1154.64215526638,2362.88934813928,2105.78459386432,4433.80308584672,5720.37993627884,850.488971375045,6570.36679284156,1553.84442471747,8123.31627838102,19477.7783596132,"April",18718.1534028409
2021,"Q3",1570.14124654049,1262.97681723914,2912.8669168554,2296.68630203665,5250.63191613576,1102.9072191018,1154.49410974763,2367.99469892146,2098.54505608066,4430.18260428157,5728.67220674502,851.290303096276,6579.24222675675,1551.44660036868,8129.44222283107,19566.7750741754,"July",18809.465845652
2021,"Q4",1568.18684078998,1264.86524396607,2915.31998258936,2293.24060347714,5250.01032911921,1104.03704220384,1154.34438539687,2373.10004970364,2091.30759577083,4426.55417560226,5736.80348516512,852.100647057772,6587.96215114929,1549.09526256441,8135.45452298184,19655.5811761845,"October",18900.7782884632
2022,"Q1",1566.23243503948,1266.75542864737,2917.77304832332,2289.80500765753,5249.39031624074,1105.16696676071,1154.19353953102,2378.20540048581,2084.07175550786,4422.92028485716,5744.82066053506,852.917313685854,6596.57180686862,1546.77667703215,8141.38605814772,19744.2504447317,"January",18992.0907312744
2022,"Q2",1564.27802928898,1268.6467348001,2920.22611405727,2286.37583491372,5248.77133618173,1106.29695241106,1154.04201578177,2383.31075126799,2076.83703475968,4419.2829989399,5752.76484458874,853.737979034348,6605.11088564897,1544.47889923795,8147.26575963867,19832.8312200944,"April",19083.4031740855
2022,"Q3",1562.32362353848,1270.53864449024,2922.67917979123,2282.9501081636,5248.15292551137,1107.42696920934,1153.8901451385,2388.41610205017,2069.60295721261,4415.64392804604,5760.66962833136,854.560776568179,6613.61184447304,1542.1922685888,8153.11737954126,19921.3637870306,"July",19174.7156168967
2022,"Q4",1560.36921778798,1272.43078579602,2925.13224552519,2279.52570036184,5247.53473766314,1108.55699740768,1153.73814709936,2393.52145283234,2062.36913941951,4412.00418551159,5768.55924646324,855.384385005788,6622.09812174818,1539.90989641859,8158.95815110481,20009.8776631728,"October",19266.0280597078
