"DATE","Quarter","Primary.Energy.Consumed.by.the.Residential.Sector","Electricity.Sales.to.Ultimate.Customers.in.the.Residential.Sector","End.Use.Energy.Consumed.by.the.Residential.Sector","Residential.Sector.Electrical.System.Energy.Losses","Total.Energy.Consumed.by.the.Residential.Sector","Primary.Energy.Consumed.by.the.Commercial.Sector","Electricity.Sales.to.Ultimate.Customers.in.the.Commercial.Sector","End.Use.Energy.Consumed.by.the.Commercial.Sector","Commercial.Sector.Electrical.System.Energy.Losses","Total.Energy.Consumed.by.the.Commercial.Sector","Primary.Energy.Consumed.by.the.Industrial.Sector","Electricity.Sales.to.Ultimate.Customers.in.the.Industrial.Sector","End.Use.Energy.Consumed.by.the.Industrial.Sector","Industrial.Sector.Electrical.System.Energy.Losses","Total.Energy.Consumed.by.the.Industrial.Sector","GDP","Month","Formatted.Data","Total.Energy.Consumed"
1973,"Q1",-360.951739795918,-960.52175,-1321.47277040816,-1633.87046428572,-2955.34447959184,-188.308295918368,-412.370943877551,-600.676928571429,-570.700943877553,-1171.37478571429,-1943.5673010204,-151.336280612245,-2094.89684693877,-144.29956632653,-2239.20426530612,-438.151505102039,"January",1973-01-01,-2492.82733673469
1973,"Q2",165.717163265306,892.152892857143,1057.86079081633,1508.77675510204,2566.6434744898,91.2977602040826,321.065005102041,412.36281122449,407.893454081634,820.251382653062,3519.40879081632,144.085484693878,3663.49577040817,113.991785714285,3777.48884183673,329.232137755099,"April",1973-04-01,3776.42371428572
1973,"Q3",-380.542096938776,-847.731903061225,-1228.25814795918,-1425.00216836735,-2653.26645918367,-99.6463571428587,-155.198668367347,-254.84737755102,-41.8482193877551,-296.690397959183,-2708.34433163265,-35.8582500000003,-2744.20629591837,99.8362397959193,-2644.36753061224,-324.263392857144,"July",1973-07-01,-3188.53278571429
1973,"Q4",804.787673469388,1008.46676020408,1813.24112755102,1764.04187755102,3577.28546428571,264.511892857144,276.186607142857,540.703494897959,275.893709183673,816.588801020408,-22.1591581632674,17.6730459183674,-4.48662755101759,-114.142459183674,-118.628045918367,357.060760204087,"October",1973-10-01,1047.14040816327
1974,"Q1",-556.821739795918,-1091.54775,-1648.36377040816,-2036.99546428572,-3685.36147959183,-341.587295918368,-436.625943877551,-778.219928571428,-710.916943877551,-1489.12678571429,189.012698979595,-61.1622806122448,127.853153061222,-76.5455663265309,51.3007346938739,-253.394505102046,"January",1974-01-01,-709.396336734699
1974,"Q2",233.138163265306,890.318892857142,1123.45679081633,1747.37975510204,2870.84047448979,518.344760204083,259.861005102041,778.21081122449,463.410454081632,1241.61738265306,1271.62879081632,2.32648469387755,1273.95377040816,81.0647857142858,1355.02984183674,209.235137755106,"April",1974-04-01,2023.11171428572
1974,"Q3",-902.836096938777,-747.488903061224,-1650.32914795918,-1445.30816836735,-3095.63845918367,-869.800357142859,-49.3866683673469,-919.190377551021,-4.0212193877544,-923.212397959185,271.406668367352,98.6187499999999,370.026704081633,121.012239795918,491.027469387753,-234.822392857145,"July",1974-07-01,-1501.22978571429
1974,"Q4",1564.71467346939,901.587760204082,2466.30912755102,1719.08987755102,4185.39346428571,856.755892857143,194.471607142857,1051.22949489796,255.061709183673,1306.28980102041,-2345.35915816327,-33.8539540816325,-2379.21362755102,-8.20245918367323,-2387.41104591837,104.543760204081,"October",1974-10-01,76.1114081632622
1975,"Q1",-626.483739795919,-968.28075,-1594.76977040816,-1891.10746428572,-3485.86847959184,-192.479295918367,-368.740943877551,-561.219928571429,-667.834943877551,-1229.05378571428,424.611698979596,-108.753280612245,315.858153061221,-348.155566326531,-32.2962653061204,71.6524948979622,"January",1975-01-01,-394.35133673469
1975,"Q2",-748.010836734692,683.691892857143,-64.314209183673,1281.83275510204,1217.5104744898,-419.571239795918,185.454005102041,-234.117188775511,305.178454081633,71.0663826530595,2248.11779081632,69.4894846938777,2317.60277040817,267.852785714286,2585.45584183674,-235.374862244899,"April",1975-04-01,1080.53571428571
1975,"Q3",614.522903061222,-491.884903061224,122.632852040816,-752.336168367347,-629.695459183676,303.055642857142,24.8283316326528,327.88262244898,241.438780612245,569.309602040817,-1797.99333163265,32.9067499999995,-1765.07729591837,59.9152397959181,-1705.16653061225,186.931607142854,"July",1975-07-01,-880.414785714289
1975,"Q4",666.314673469391,772.103760204082,1438.41912755102,1312.06187755102,2750.47246428572,257.363892857144,144.066607142857,401.431494897959,55.7097091836737,457.155801020408,577.241841836732,25.397045918368,602.632372448985,23.4965408163271,626.133954081638,73.3117602040866,"October",1975-10-01,1500.92040816327
1976,"Q1",-1492.57073979592,-1043.93875,-2536.50477040816,-2061.83746428572,-4598.33247959184,-687.243295918368,-364.984943877551,-1052.23092857143,-649.006943877552,-1701.24878571429,-2033.72530102041,-126.750280612246,-2160.47484693879,-385.264566326531,-2545.74126530613,-79.953505102043,"January",1976-01-01,-4213.5393367347
1976,"Q2",608.119163265307,753.074892857143,1361.19079081633,1573.89475510204,2935.0744744898,560.796760204083,203.318005102041,764.12181122449,439.638454081634,1203.76238265306,4427.91279081633,105.897484693878,4533.81477040818,504.291785714286,5038.10384183674,-21.4198622448976,"April",1976-04-01,5596.82871428572
1976,"Q3",1049.49290306122,-361.497903061224,687.991852040817,-622.139168367348,65.8655408163272,7.18564285714092,26.0103316326533,33.188622448979,110.482780612243,143.674602040816,-3869.99233163265,-54.4572500000007,-3924.45829591838,-367.041760204082,-4291.49653061225,-101.246392857144,"July",1976-07-01,-2813.31378571429
1976,"Q4",-1188.19932653061,491.051760204082,-697.14187244898,703.945877551022,6.79146428571494,-296.576107142856,108.893607142857,-187.68150510204,21.1057091836749,-166.575198979592,1449.69384183674,108.357045918368,1558.06037244899,315.369540816328,1873.43095408164,75.8677602040825,"October",1976-10-01,-35.081591836728
1977,"Q1",553.625260204082,-705.330750000001,-151.705770408164,-1094.98946428572,-1246.68947959184,313.209704081633,-296.053943877551,17.1600714285701,-366.336943877552,-349.182785714286,-1008.68530102041,-181.434280612245,-1190.12684693878,-348.589566326532,-1538.72226530613,161.49849489796,"January",1977-01-01,-141.8503367347
1977,"Q2",-1012.30183673469,441.688892857143,-570.618209183671,511.218755102042,-59.3955255102005,-518.038239795918,121.523005102041,-396.521188775509,7.06145408163388,-389.454617346938,2214.52779081633,158.883484693877,2373.41377040817,270.851785714287,2644.27384183674,49.0081377551014,"April",1977-04-01,684.187714285723
1977,"Q3",1377.25290306122,-173.315903061224,1203.94185204081,115.713831632653,1319.64554081632,573.018642857142,104.801331632653,677.828622448979,503.565780612244,1181.39260204082,-1982.73433163265,-92.3752499999999,-2075.10529591837,-148.476760204081,-2223.59253061224,-635.987392857143,"July",1977-07-01,-32.462785714295
1977,"Q4",-610.432326530611,432.767760204081,-177.66887244898,446.89287755102,269.234464285715,-268.146107142857,36.9156071428566,-231.24050510204,-228.082290816325,-459.322198979592,797.359841836735,84.0150459183678,881.369372448988,152.546540816325,1033.92795408163,732.648760204082,"October",1977-10-01,-81.2185918367286
1978,"Q1",281.521260204081,-697.98675,-416.460770408164,-1087.07246428571,-1503.53947959184,292.851704081632,-252.500943877551,40.3570714285706,-271.673943877552,-231.317785714285,-978.167301020408,-117.790280612246,-1095.95884693878,-224.85256632653,-1320.82126530612,-377.818505102042,"January",1978-01-01,-403.7943367347
1978,"Q2",-1102.90983673469,408.759892857143,-694.151209183673,461.61875510204,-232.530525510206,-865.143239795918,105.884005102041,-759.25918877551,-13.6735459183665,-772.93261734694,1482.07179081632,76.2014846938786,1558.27777040817,106.755785714284,1665.03684183674,148.878137755103,"April",1978-04-01,-485.981285714277
1978,"Q3",1450.05890306122,-130.513903061224,1319.54185204082,267.277831632654,1586.81854081633,1015.06964285714,98.5053316326529,1113.57062244898,543.728780612244,1657.30260204082,-699.31233163265,-22.4432500000009,-721.757295918374,110.218239795921,-611.533530612256,-52.6443928571443,"July",1978-07-01,1765.81621428571
1978,"Q4",-755.704326530611,476.967760204081,-278.72887244898,433.700877551021,154.975464285713,-387.148107142857,91.0576071428575,-296.086505102042,-213.909290816326,-510.002198979592,113.291841836732,88.9990459183682,202.294372448989,-41.5234591836763,160.758954081644,3.69976020408376,"October",1978-10-01,-1029.56059183673
1979,"Q1",430.155260204081,-851.79175,-421.648770408164,-1408.57646428572,-1830.23047959184,-44.0612959183677,-336.816943877551,-380.882928571427,-426.443943877552,-807.318785714286,-1224.6793010204,-139.705280612245,-1364.39284693879,-172.976566326528,-1537.35726530613,38.033494897958,"January",1979-01-01,-838.585336734703
1979,"Q2",-471.611836734693,618.284892857142,146.680790816328,1032.64975510204,1179.3374744898,-37.6972397959171,174.135005102041,136.448811224489,208.987454081634,345.426382653063,1833.01279081632,22.2564846938778,1855.27677040818,50.600785714284,1905.86784183674,-228.270862244898,"April",1979-04-01,1323.70371428573
1979,"Q3",-99.6930969387768,-261.038903061224,-360.729147959185,-159.057168367347,-519.795459183677,6.53064285714152,85.7493316326526,92.2666224489806,408.829780612244,501.105602040813,-269.78933163265,104.33275,-165.46129591838,261.611239795919,96.1574693877537,434.131607142856,"July",1979-07-01,-362.951785714297
1979,"Q4",620.387673469389,296.413760204082,916.797127551021,51.2878775510214,968.092464285718,278.431892857144,1.59360714285742,280.029494897959,-367.075290816326,-87.0501989795894,-3.17215816326643,1.4580459183677,-1.71062755101229,-150.520459183673,-152.233045918374,-168.012239795917,"October",1979-10-01,895.64740816327
1980,"Q1",-481.991739795918,-434.970750000001,-916.964770408165,-380.890464285716,-1297.85847959184,-542.282295918368,-181.377943877551,-723.653928571429,-43.3709438775513,-767.023785714287,-2557.94030102041,-181.161280612245,-2739.09984693878,-268.606566326531,-3007.71026530611,-199.455505102042,"January",1980-01-01,-3582.21433673469
1980,"Q2",294.529163265307,330.414892857144,624.949790816329,478.030755102041,1102.9814744898,581.215760204082,57.8880051020407,639.09681122449,21.0354540816336,660.129382653064,3945.27279081632,127.167484693878,4072.43277040817,416.152785714286,4488.58784183673,-93.6738622448975,"April",1980-04-01,4821.0177142857
1980,"Q3",-216.909096938778,-238.502903061225,-455.416147959185,-536.017168367347,-991.433459183672,-311.926357142857,105.058331632653,-206.867377551022,146.987780612244,-59.8743979591864,-2300.82933163265,15.818749999999,-2285.00729591837,-344.835760204081,-2629.84053061224,484.948607142856,"July",1980-07-01,-2829.66478571427
1980,"Q4",-85.3803265306096,488.193760204081,402.81712755102,1036.54087755102,1439.35846428571,0.0628928571422875,53.6456071428568,53.7154948979605,154.734709183675,208.445801020409,457.557841836731,-33.0289540816315,424.535372448983,269.318540816327,693.851954081627,-484.443239795919,"October",1980-10-01,372.240408163253
1981,"Q1",480.48826020408,-698.224749999999,-217.742770408164,-1372.04346428571,-1589.78847959184,96.3127040816332,-235.702943877551,-139.399928571429,-458.816943877551,-598.213785714284,-705.897301020404,11.1177193877543,-694.789846938773,-142.981566326531,-837.769265306119,344.675494897961,"January",1981-01-01,-129.096336734683
1981,"Q2",-483.480836734692,433.452892857142,-50.0242091836722,721.838755102041,671.819474489797,-97.0362397959187,74.8570051020406,-22.1751887755113,67.4484540816329,45.2723826530596,1466.13379081632,-33.2945153061221,1432.84877040816,-26.7722142857147,1406.06784183673,18.2271377551024,"April",1981-04-01,885.616714285707
1981,"Q3",-51.8890969387776,-187.212903061224,-239.096147959185,-55.0171683673477,-294.120459183676,32.6186428571431,118.776331632653,151.399622448982,455.091780612244,606.488602040818,-630.950331632652,46.6897499999999,-584.269295918363,168.00123979592,-416.258530612247,-393.154392857145,"July",1981-07-01,-650.22078571428
1981,"Q4",190.58867346939,478.993760204081,669.571127551022,525.812877551021,1195.39146428572,-5.53310714285726,51.905607142857,46.3614948979575,-240.082290816325,-193.716198979593,-310.859158163263,47.2680459183676,-263.58662755102,-104.951459183675,-368.539045918364,409.064760204084,"October",1981-10-01,-125.80359183674
1982,"Q1",541.302260204081,-798.256749999999,-256.946770408165,-1227.80446428571,-1484.75547959184,250.379704081633,-284.03394387755,-33.6419285714283,-260.440943877553,-294.089785714285,-79.4393010204094,-133.615280612246,-213.05184693878,-61.6245663265299,-274.683265306126,-103.474505102042,"January",1982-01-01,712.242663265311
1982,"Q2",-566.186836734694,640.335892857142,74.1467908163281,1055.80875510204,1129.9564744898,-323.632239795918,170.70500510204,-152.93418877551,170.545454081634,17.6223826530627,571.833790816324,73.2114846938787,645.038770408168,64.1917857142857,709.240841836738,-101.716862244897,"April",1982-04-01,-317.98528571429
1982,"Q3",-646.767096938775,-384.438903061224,-1031.20514795918,-543.664168367347,-1574.87445918368,-120.001357142858,50.2893316326531,-69.7133775510206,270.784780612244,201.060602040815,-624.171331632649,8.60674999999878,-615.558295918369,52.004239795918,-563.563530612247,-91.5993928571461,"July",1982-07-01,-1390.93978571428
1982,"Q4",910.013673469388,398.635760204081,1308.64612755102,505.904877551021,1814.56146428572,313.726892857143,-6.3423928571425,307.389494897959,-247.425290816326,59.9708010204085,502.745841836731,-19.5229540816317,483.21737244898,-100.983459183673,382.240954081635,235.854760204085,"October",1982-10-01,1726.48640816326
1983,"Q1",629.614260204082,-434.22475,195.394229591836,-727.059464285714,-531.671479591837,216.714704081632,-122.616943877551,94.0970714285709,-142.894943877551,-48.8057857142858,630.061698979593,-16.4752806122453,613.590153061222,-117.784566326532,495.800734693874,-116.306505102041,"January",1983-01-01,1476.39066326531
1983,"Q2",-1613.23283673469,223.519892857143,-1389.71420918367,529.036755102041,-860.677525510202,-652.008239795917,0.554005102040946,-651.461188775509,91.1324540816322,-560.31261734694,-2536.51520918367,15.0504846938778,-2521.46622959183,333.617785714286,-2187.84815816326,-15.8648622449009,"April",1983-04-01,-4801.75628571429
1983,"Q3",587.049903061225,-113.079903061224,473.967852040818,-264.927168367347,209.04454081632,337.786642857143,143.025331632653,480.823622448978,247.089780612246,727.892602040818,2379.71266836735,11.2787499999996,2390.99270408163,-234.064760204081,2156.93046938775,-62.2653928571399,"July",1983-07-01,3304.54921428572
1983,"Q4",269.870673469388,459.236760204081,729.107127551017,790.97887755102,1520.07546428572,4.70289285714216,33.8486071428573,38.5414948979599,-59.1372908163271,-20.5801989795932,-317.276158163266,25.2180459183678,-292.059627551019,85.9245408163258,-206.135045918361,215.048760204081,"October",1983-10-01,-42.7025918367381
1984,"Q1",671.866260204082,-737.58875,-65.7147704081599,-1309.02046428571,-1374.72247959184,252.630704081633,-246.383943877551,6.25007142857203,-338.343943877551,-332.100785714285,-24.7333010204047,-29.2072806122452,-53.9378469387766,16.6684336734702,-37.2712653061299,-98.9895051020421,"January",1984-01-01,899.76366326531
1984,"Q2",-1469.71583673469,442.495892857143,-1027.23220918367,683.854755102041,-343.3825255102,-435.837239795918,140.207005102041,-295.627188775512,142.067454081633,-153.55861734694,-1074.46920918368,-38.7015153061224,-1113.17722959183,-171.186214285715,-1284.36415816326,-64.3468622448963,"April",1984-04-01,-2980.02228571429
1984,"Q3",879.458903061225,-136.275903061224,743.192852040816,40.1298316326524,783.322540816323,219.398642857142,19.0333316326529,238.425622448981,254.636780612244,493.065602040817,892.76466836735,44.61175,937.384704081627,234.54723979592,1171.93546938775,47.9296071428544,"July",1984-07-01,1991.62221428572
1984,"Q4",-436.915326530612,401.227760204081,-35.6968724489789,512.078877551021,476.382464285714,-162.648107142857,105.426607142857,-57.2145051020409,-30.7262908163261,-87.9471989795925,182.458841836734,35.5630459183673,218.016372448987,-78.3354591836758,139.678954081635,-42.919239795915,"October",1984-10-01,-417.104591836742
1985,"Q1",659.295260204081,-739.181749999999,-79.8757704081645,-1471.71046428572,-1551.59047959183,291.530704081634,-276.102943877551,15.4210714285714,-517.680943877551,-502.251785714286,-33.8223010204065,-64.408280612245,-98.2308469387835,-181.072566326529,-279.30326530613,113.836494897958,"January",1985-01-01,917.003663265312
1985,"Q2",-346.841836734694,557.428892857142,210.581790816327,1405.13375510204,1615.71947448979,-209.61223979592,173.206005102041,-36.3991887755101,581.477454081633,545.068382653061,-1325.35920918368,-9.07951530612195,-1334.43422959183,316.214785714286,-1018.22115816326,-155.125862244898,"April",1985-04-01,-1881.81328571429
1985,"Q3",-323.971096938776,-257.385903061224,-581.358147959182,-779.833168367349,-1361.18745918367,-1.64935714285593,-8.64166836734682,-10.2963775510216,-252.598219387756,-262.885397959184,1415.47766836735,53.4307499999992,1468.90570408163,-257.155760204082,1211.75046938775,106.669607142855,"July",1985-07-01,1089.85721428572
1985,"Q4",47.9456734693888,383.667760204082,431.617127551018,773.375877551023,1204.98646428571,-67.7291071428579,84.1786071428571,16.4534948979608,178.627709183675,195.075801020409,188.417841836738,15.5170459183682,203.934372448979,169.371540816327,373.309954081633,-28.3302397959142,"October",1985-10-01,168.634408163261
1986,"Q1",766.382260204081,-630.30575,136.069229591838,-1152.94646428572,-1016.87447959184,384.416704081633,-217.844943877551,166.563071428571,-342.928943877551,-176.362785714288,-237.084301020411,-83.9392806122456,-321.022846938775,-169.621566326532,-490.649265306128,51.482494897954,"January",1986-01-01,913.714663265309
1986,"Q2",-479.754836734694,540.063892857142,60.3177908163266,1062.38175510204,1122.70147448979,-372.012239795918,147.876005102041,-224.123188775511,285.988454081632,61.8643826530651,-1695.15720918368,62.2014846938779,-1632.95522959184,188.075785714286,-1444.88115816325,-64.4358622448945,"April",1986-04-01,-2546.92428571429
1986,"Q3",-549.013096938776,-353.157903061224,-902.176147959183,-740.170168367346,-1642.35045918367,-8.68835714285706,-37.8766683673471,-46.5763775510197,-111.219219387754,-157.797397959187,2032.48566836735,-18.5902500000001,2013.89270408163,-155.285760204081,1858.61746938774,-84.3983928571415,"July",1986-07-01,1474.78421428572
1986,"Q4",499.561673469389,392.678760204081,892.243127551019,782.43187755102,1674.67646428571,90.7778928571427,93.8306071428574,184.614494897959,187.683709183673,372.29780102041,-570.115158163264,0.114045918367538,-569.996627551017,89.8205408163271,-480.187045918357,263.076760204076,"October",1986-10-01,20.2244081632616
1987,"Q1",493.618260204081,-391.122749999999,102.490229591838,-756.154464285714,-653.662479591836,212.990704081633,-138.639943877551,74.3540714285705,-266.584943877551,-192.226785714287,270.01569897959,7.93371938775476,277.948153061219,-52.565566326532,225.384734693874,-340.673505102035,"January",1987-01-01,976.624663265309
1987,"Q2",-898.394836734692,106.129892857142,-792.256209183673,173.66275510204,-618.5975255102,-346.006239795918,-5.55499489795955,-351.572188775509,-16.5985459183667,-368.173617346936,-1356.12320918367,-33.0755153061222,-1389.20422959183,4.46378571428659,-1384.73615816327,322.6881377551,"April",1987-04-01,-2600.52428571429
1987,"Q3",450.901903061221,122.856096938776,573.751852040815,331.883831632653,905.64054081632,179.836642857142,134.585331632654,314.429622448978,307.584780612244,622.013602040814,1679.03466836735,67.4657499999997,1746.50670408162,80.5412397959178,1827.04646938776,-332.480392857145,"July",1987-07-01,2309.77321428572
1987,"Q4",-133.523326530608,2.52776020408146,-130.995872448978,-155.27212244898,-286.269535714281,-158.156107142857,-55.0013928571435,-213.15850510204,-211.187290816326,-424.34119897959,-803.186158163266,-54.4389540816323,-857.623627551013,-106.854459183672,-964.484045918375,389.991760204088,"October",1987-10-01,-1094.86559183674
1988,"Q1",275.06626020408,-205.21875,69.8512295918354,-150.553464285714,-80.6994795918381,336.770704081632,-55.1639438775504,281.610071428571,78.42905612245,360.033214285714,132.646698979593,10.9457193877548,143.584153061217,135.165433673468,278.759734693881,-298.909505102047,"January",1988-01-01,744.483663265304
1988,"Q2",-64.4868367346942,180.874892857142,116.382790816327,-0.37724489795869,115.995474489798,-154.267239795918,12.3050051020404,-141.970188775509,-247.797545918369,-389.76661734694,-77.2952091836723,-4.31451530612208,-81.6032295918285,-242.302214285713,-323.912158163265,74.5791377551031,"April",1988-04-01,-296.049285714277
1988,"Q3",-518.716096938775,-148.272903061224,-666.983147959183,69.7628316326513,-597.212459183677,-297.999357142858,33.1413316326532,-264.851377551023,333.933780612246,69.086602040818,-60.8563316326581,14.9147499999995,-45.9442959183725,242.907239795917,196.964469387754,-12.3253928571376,"July",1988-07-01,-877.571785714299
1988,"Q4",637.553673469387,396.992760204082,1034.54212755102,565.483877551023,1600.03046428572,349.521892857144,84.5566071428574,434.072494897962,2.37070918367272,436.440801020408,400.595841836741,10.6360459183677,411.23837244898,-44.4544591836711,366.780954081633,58.7967602040735,"October",1988-10-01,1387.67140816328
1989,"Q1",-1019.69673979592,-657.842750000001,-1677.53377040816,-1379.00346428572,-3056.54747959184,-324.694295918368,-201.362943877551,-526.049928571429,-450.41494387755,-976.466785714288,-408.827301020412,-45.6062806122449,-454.444846938774,-257.696566326532,-712.135265306124,105.358494897966,"January",1989-01-01,-1753.2183367347
1989,"Q2",2474.22716326531,555.277892857143,3029.49479081633,1488.20575510204,4517.7054744898,880.532760204082,129.410005102041,1009.94081122449,573.757454081632,1583.69738265306,232.538790816328,39.2164846938776,271.764770408163,510.609785714286,782.369841836738,-306.841862244903,"April",1989-04-01,3587.29871428572
1989,"Q3",-3088.94909693878,-314.710903061224,-3403.65014795918,-1034.08116836735,-4437.72945918368,-1288.98835714286,-10.9486683673471,-1299.94437755102,-394.651219387756,-1694.58939795918,-398.104331632655,-3.55625000000077,-401.668295918367,-509.290760204082,-910.955530612251,161.579607142859,"July",1989-07-01,-4776.04178571429
1989,"Q4",1518.75067346939,302.043760204081,1820.79112755102,734.27887755102,2555.06746428572,642.350892857143,26.3086071428572,668.669494897961,207.396709183675,876.062801020408,264.474841836737,-16.7709540816315,247.712372448981,262.237540816328,509.942954081639,24.0157602040817,"October",1989-10-01,2425.57640816327
1990,"Q1",240.083260204081,-374.939749999999,-134.858770408165,-623.874464285715,-758.731479591836,248.779704081632,-87.5209438775507,161.25007142857,-100.620943877552,60.6292142857137,408.829698979591,-9.7852806122454,399.03515306122,-63.5865663265317,335.459734693872,122.352494897958,"January",1990-01-01,897.692663265301
1990,"Q2",-243.831836734693,310.330892857142,66.5007908163288,466.324755102041,532.819474489796,-202.163239795918,80.08900510204,-122.063188775509,70.5734540816338,-51.4946173469389,-503.516209183675,68.1554846938773,-435.34922959183,131.168785714286,-304.191158163262,-83.7938622448964,"April",1990-04-01,-949.511285714283
1990,"Q3",-525.791096938778,-280.365903061224,-806.155147959184,-484.560168367347,-1290.70745918367,-284.848357142857,-77.2826683673461,-362.141377551021,-151.830219387757,-513.963397959183,347.028668367348,-80.2462499999997,266.771704081628,-237.416760204081,29.3614693877598,-243.088392857142,"July",1990-07-01,-463.610785714286
1990,"Q4",390.764673469389,411.332760204081,802.09512755102,714.608877551021,1516.70446428572,186.352892857144,135.802607142857,322.158494897959,234.027709183675,556.181801020406,-790.849158163263,26.6990459183671,-764.147627551019,103.798540816327,-660.352045918379,279.259760204079,"October",1990-10-01,-213.731591836735
1991,"Q1",-37.1317397959178,-494.20375,-531.334770408163,-783.827464285716,-1315.17247959184,89.436704081631,-162.844943877551,-73.4079285714274,-187.904943877552,-261.312785714283,1016.24369897959,23.6517193877557,1039.89915306123,113.735433673469,1153.63473469389,8.34149489796073,"January",1991-01-01,1068.54866326531
1991,"Q2",753.380163265306,383.037892857143,1136.41779081633,543.203755102043,1679.6324744898,292.271760204083,97.9530051020413,390.225811224488,43.0194540816335,433.24638265306,-678.867209183672,-42.9405153061232,-721.808229591843,-197.255214285714,-919.060158163272,-207.945862244896,"April",1991-04-01,366.784714285706
1991,"Q3",-1586.56409693878,-273.908903061225,-1860.47414795918,-297.371168367348,-2157.85045918367,-813.430357142858,-38.1366683673477,-851.566377551018,102.267780612245,-749.299397959187,277.476668367349,44.4697500000001,321.942704081639,227.510239795918,549.44846938776,62.606607142854,"July",1991-07-01,-2122.51778571427
1991,"Q4",1189.96367346939,456.779760204082,1646.74812755102,574.07487755102,2220.82546428571,611.570892857142,105.843607142858,717.413494897958,-82.7592908163269,634.655801020413,-10.1461581632675,-41.0049540816321,-51.1466275510211,-331.095459183673,-382.24004591837,140.836760204087,"October",1991-10-01,1791.38840816326
1992,"Q1",-320.14173979592,-700.25175,-1020.39977040816,-1059.73846428571,-2080.14447959184,-134.915295918367,-191.880943877551,-326.798928571429,-46.7679438775506,-373.57078571429,-49.2883010204068,22.8267193877546,-26.4688469387811,354.532433673469,328.060734693877,-181.51550510205,"January",1992-01-01,-504.345336734696
1992,"Q2",128.612163265308,515.349892857143,643.966790816328,753.904755102039,1397.8824744898,137.600760204081,109.904005102041,247.50681122449,-33.8255459183672,213.684382653063,-91.8012091836736,23.488484693878,-68.3032295918292,-178.304214285715,-246.595158163264,193.686137755112,"April",1992-04-01,174.411714285718
1992,"Q3",-312.072096938778,-100.249903061224,-412.328147959186,106.600831632654,-305.737459183677,-345.612357142857,25.0793316326526,-320.529377551021,253.776780612244,-66.751397959184,450.964668367345,-51.6312500000007,399.326704081625,32.9982397959195,432.303469387754,-205.284392857151,"July",1992-07-01,-206.719785714287
1992,"Q4",224.92367346939,-45.0992397959183,179.835127551023,-492.858122448981,-313.016535714285,216.049892857142,-35.0313928571418,181.011494897961,-313.937290816326,-132.929198979592,-566.325158163262,39.6160459183682,-526.706627551013,-56.5774591836744,-583.265045918366,276.933760204089,"October",1992-10-01,-125.351591836732
1993,"Q1",201.296260204081,-28.3527500000007,172.932229591835,321.522535714287,494.449520408163,223.421704081633,-2.89794387755194,220.529071428571,225.834056122448,446.368214285714,229.54169897959,-28.3352806122455,201.20615306122,61.4994336734694,262.697734693875,-299.617505102045,"January",1993-01-01,654.259663265298
1993,"Q2",-728.191836734694,0.589892857143695,-727.593209183672,-172.00624489796,-899.595525510203,-563.711239795918,-16.679994897959,-580.39118877551,-101.249545918366,-681.650617346938,-342.828209183674,30.8974846938777,-311.931229591837,87.8147857142862,-224.117158163259,179.578137755103,"April",1993-04-01,-1634.73128571427
1993,"Q3",956.649903061224,61.0130969387753,1017.65585204082,102.100831632654,1119.75554081632,514.465642857144,23.8653316326531,538.324622448979,-53.9642193877571,484.374602040815,859.321668367349,-24.3902499999997,834.934704081636,-239.374760204082,595.560469387747,-223.809392857145,"July",1993-07-01,2330.43721428571
1993,"Q4",-815.786326530613,85.2227602040812,-730.558872448978,197.463877551019,-533.095535714284,-345.860107142858,38.0486071428573,-307.80050510204,175.577709183675,-132.238198979591,-843.209158163269,-5.49395408163332,-848.711627551025,184.802540816327,-663.906045918362,382.01076020409,"October",1993-10-01,-2004.85559183673
1994,"Q1",672.588260204083,-249.96975,422.616229591834,-431.840464285713,-9.22147959183985,390.756704081634,-65.9309438775512,324.813071428572,-128.738943877551,196.087214285714,481.929698979593,12.2617193877559,494.202153061229,-60.8625663265307,433.336734693878,-352.52150510205,"January",1994-01-01,1545.2746632653
1994,"Q2",-266.610836734694,205.833892857143,-60.7722091836717,335.65175510204,274.872474489802,-273.19823979592,7.77800510204042,-265.408188775512,-3.34054591836707,-268.755617346939,-91.6932091836725,28.0264846938771,-63.6772295918399,110.943785714285,47.2678418367323,192.584137755104,"April",1994-04-01,-631.502285714283
1994,"Q3",-515.563096938776,-66.7409030612241,-582.314147959182,-5.10216836734617,-587.404459183681,-176.038357142856,47.9733316326538,-128.074377551019,150.020780612244,21.9486020408167,-321.382331632653,-49.8452500000002,-371.214295918369,-131.906760204081,-503.124530612244,-39.7783928571407,"July",1994-07-01,-1012.98378571428
1994,"Q4",870.038673469388,-56.5262397959189,813.523127551017,-578.43912244898,235.070464285721,417.061892857143,-55.1313928571435,361.934494897959,-427.701290816326,-65.7691989795912,179.644841836733,30.8750459183678,210.505372448987,-131.386459183674,79.126954081632,-12.7922397959173,"October",1994-10-01,1466.74540816326
1995,"Q1",-533.639739795916,129.44725,-404.197770408163,946.985535714287,542.797520408159,-325.333295918368,38.4940561224495,-286.836928571428,562.867056122449,276.033214285713,572.475698979596,10.8617193877546,583.348153061217,383.17743367347,966.516734693878,25.9784948979559,"January",1995-01-01,-286.497336734693
1995,"Q2",-176.666836734698,-179.507107142857,-356.172209183672,-743.10224489796,-1099.2785255102,134.629760204083,-34.6149948979593,100.008811224488,-286.267545918368,-186.262617346938,-1019.42820918368,-64.146515306122,-1083.58422959183,-271.049214285715,-1354.62915816326,42.7001377551005,"April",1995-04-01,-1061.46528571429
1995,"Q3",560.726903061227,142.189096938776,702.911852040815,298.358831632653,1001.27054081633,-21.7293571428593,33.2183316326525,11.4926224489807,-28.9212193877552,-17.4233979591841,682.566668367352,81.3927499999993,763.967704081628,12.7112397959177,776.679469387751,-302.143392857139,"July",1995-07-01,1221.56421428572
1995,"Q4",8.57867346938656,94.3287602040814,102.914127551021,123.368877551021,226.287464285713,179.271892857145,13.4406071428581,192.713494897959,54.120709183675,246.828801020408,-57.9321581632685,-45.0859540816319,-103.016627551014,21.9595408163282,-81.0590459183659,407.967760204083,"October",1995-10-01,129.918408163261
1996,"Q1",-890.955739795917,-295.24775,-1186.20777040817,-371.865464285714,-1558.08047959184,-420.895295918369,-38.9359438775517,-459.830928571429,52.3700561224462,-407.452785714285,-298.226301020407,-10.8452806122453,-309.080846938784,6.13243367346854,-302.948265306119,-233.541505102045,"January",1996-01-01,-1610.0773367347
1996,"Q2",1273.1621632653,223.971892857143,1497.13379081633,389.790755102039,1886.9294744898,516.618760204083,-25.0029948979592,491.609811224491,-39.4325459183644,452.168382653061,461.602790816325,54.3854846938777,515.99277040817,207.799785714285,723.795841836731,193.765137755099,"April",1996-04-01,2251.38371428572
1996,"Q3",-1161.29109693877,-17.630903061224,-1178.91914795919,-86.0551683673448,-1264.97545918368,-526.444357142859,90.5283316326535,-435.908377551021,48.3967806122425,-387.511397959184,-665.26433163265,-55.7852500000001,-721.047295918372,-331.186760204081,-1052.23853061225,-345.616392857135,"July",1996-07-01,-2352.99978571429
1996,"Q4",873.853673469386,-33.9842397959187,839.868127551021,-394.923122448982,444.946464285715,414.068892857144,-75.693392857143,338.372494897959,-344.944290816324,-6.56719897959192,683.931841836732,20.9870459183676,704.916372448986,-34.5834591836724,670.334954081634,287.296760204077,"October",1996-10-01,1971.85440816327
1997,"Q1",-871.557739795918,-185.06775,-1056.62777040816,317.531535714289,-739.101479591837,-327.454295918368,-11.4509438775515,-338.909928571427,534.303056122446,195.398214285715,-494.972301020405,-2.94328061224508,-497.914846938785,436.534433673467,-61.3792653061246,-14.8715051020408,"January",1997-01-01,-1693.98433673471
1997,"Q2",1291.92116326531,444.447892857143,1736.37179081633,478.533755102038,2214.9124744898,536.131760204082,116.853005102041,652.995811224488,-107.678545918364,545.304382653061,528.393790816323,31.8314846938775,560.225770408169,-228.706214285712,331.515841836739,-109.803862244898,"April",1997-04-01,2356.44671428573
1997,"Q3",-1408.16709693878,-404.713903061224,-1812.88314795918,-876.097168367346,-2688.98445918368,-654.898357142857,-133.289668367347,-788.203377551019,-399.190219387758,-1187.38439795918,-458.225331632651,-71.07325,-529.300295918368,-293.318760204083,-822.615530612249,44.3216071428596,"July",1997-07-01,-2521.29078571429
1997,"Q4",637.572673469389,-2.50223979591829,635.076127551019,-112.10012244898,522.976464285719,237.638892857142,2.67860714285803,240.334494897958,59.8987091836752,300.227801020407,-181.335158163265,73.6690459183675,-107.665627551019,291.131540816326,183.466954081632,85.8037602040786,"October",1997-10-01,693.876408163272
1998,"Q1",544.17226020408,342.186249999999,886.346229591838,1458.77653571429,2345.12652040816,352.960704081633,107.173056122448,460.123071428573,749.064056122448,1209.19221428572,558.720698979592,-74.0982806122452,484.626153061219,237.662433673471,722.282734693883,-206.786505102036,"January",1998-01-01,1455.8536632653
1998,"Q2",-1186.86083673469,-221.872107142856,-1408.71420918367,-1419.92624489796,-2828.6495255102,-533.968239795918,-30.8009948979582,-564.77118877551,-811.209545918368,-1375.98361734694,116.201790816323,120.910484693878,237.106770408171,-408.483214285716,-171.37015816327,168.636137755095,"April",1998-04-01,-1604.62728571427
1998,"Q3",851.75690306122,26.9520969387747,878.686852040816,579.131831632653,1457.82854081632,284.046642857142,-57.647668367347,226.410622448977,190.251780612246,416.661602040819,-694.057331632649,-146.50725,-840.56229591837,-35.2397602040805,-875.804530612244,-20.9243928571341,"July",1998-07-01,441.746214285704
1998,"Q4",-292.628326530609,-216.931239795918,-509.539872448979,-741.746122448979,-1251.29153571429,-102.254107142857,-32.2203928571437,-134.490505102037,-98.5582908163283,-233.044198979592,-59.765158163269,84.2980459183669,24.5323724489772,233.351540816325,257.881954081631,34.1067602040748,"October",1998-10-01,-454.64759183673
1999,"Q1",265.06126020408,461.614249999999,726.663229591837,1673.28853571428,2399.95452040816,228.139704081633,162.21005612245,390.36707142857,783.64805612245,1174.00721428571,882.658698979596,-8.00228061224436,874.661153061226,289.287433673472,1163.95373469389,-260.534505102039,"January",1999-01-01,1375.8596632653
1999,"Q2",-281.021836734693,-293.671107142856,-574.689209183676,-1652.57724489796,-2227.2655255102,-242.315239795918,-128.42899489796,-370.758188775512,-1085.68154591837,-1456.43061734694,-322.918209183679,-8.50551530612279,-331.434229591838,-747.849214285717,-1079.29015816327,530.117137755104,"April",1999-04-01,-846.25528571428
1999,"Q3",31.4799030612235,-29.3179030612255,2.16485204082119,551.972831632652,554.127540816319,-1.96835714285794,-12.2116683673462,-14.1723775510179,378.851780612243,364.669602040815,-628.528331632647,-18.5162499999997,-647.032295918363,361.656239795921,-285.368530612242,-788.921392857143,"July",1999-07-01,-599.016785714284
1999,"Q4",332.653673469388,69.3007602040818,401.949127551016,99.0058775510197,500.970464285721,133.156892857143,40.8266071428563,173.977494897958,251.004709183677,424.994801020409,368.99284183673,40.3970459183668,409.381372448975,255.074540816324,664.443954081635,826.117760204083,"October",1999-10-01,834.803408163258
2000,"Q1",-978.144739795917,16.8662500000005,-961.276770408162,108.928535714289,-852.359479591841,-216.713295918368,43.9480561224495,-172.754928571428,12.901056122445,-159.867785714285,621.941698979595,-39.1992806122443,582.743153061225,-211.083566326529,371.676734693878,-549.823505102046,"January",2000-01-01,-572.91633673469
2000,"Q2",986.430163265305,-46.114107142858,940.321790816326,-293.646244897963,646.680474489796,281.957760204082,-61.6309948979592,220.31181122449,-255.138545918365,-34.817617346941,-694.356209183677,33.0014846938774,-661.349229591831,-40.9292142857157,-702.292158163269,409.269137755105,"April",2000-04-01,574.031714285718
2000,"Q3",158.638903061225,154.690096938776,313.320852040816,320.812831632655,634.134540816328,-46.3713571428577,25.5853316326528,-20.771377551021,-12.6672193877557,-33.4413979591809,-42.1773316326526,-36.0212500000005,-78.2042959183746,-83.2887602040801,-161.490530612241,-535.218392857143,"July",2000-07-01,70.0902142857076
2000,"Q4",-949.518326530612,-334.782239795918,-1284.29687244898,-645.307122448979,-1929.60853571429,-304.040107142857,-85.0173928571427,-389.065505102039,-1.3332908163261,-390.398198979595,286.602841836738,73.185045918368,359.790372448983,291.385540816324,651.184954081631,613.583760204083,"October",2000-10-01,-966.95559183673
2001,"Q1",940.386260204081,456.462249999999,1396.84622959184,1025.26153571428,2422.11052040816,493.586704081633,156.870056122449,650.45707142857,237.130056122447,887.586214285717,175.307698979588,-79.3172806122453,95.9891530612258,-271.712566326528,-175.739265306123,-317.757505102043,"January",2001-01-01,1609.2806632653
2001,"Q2",-623.318836734693,-348.657107142856,-971.971209183675,-722.358244897958,-1694.3285255102,-312.267239795918,-29.35299489796,-341.61618877551,93.3624540816363,-248.252617346941,-298.98520918367,25.5874846938777,-273.39422959184,171.594785714283,-101.787158163263,-107.981862244898,"April",2001-04-01,-1234.57128571428
2001,"Q3",-24.2370969387762,118.976096938775,94.7358520408202,62.3148316326515,157.047540816323,-172.367357142857,-127.678668367346,-300.052377551021,-569.040219387758,-869.09339795918,-403.515331632658,-10.8732500000003,-414.391295918365,-208.26276020408,-622.655530612249,72.2146071428597,"July",2001-07-01,-600.119785714297
2001,"Q4",603.525673469388,-206.240239795918,397.282127551015,-256.206122448979,141.079464285716,401.895892857143,34.7346071428564,436.636494897959,357.906709183675,794.542801020404,513.207841836739,-9.21495408163207,503.988372448981,169.790540816325,673.774954081638,119.494760204081,"October",2001-10-01,1518.62940816328
2002,"Q1",-686.462739795918,446.29625,-240.156770408159,902.192535714285,662.033520408162,-206.780295918368,70.1270561224491,-136.654928571427,-2.49094387755304,-139.142785714282,570.300698979589,87.3517193877545,657.659153061221,71.8274336734703,729.489734693873,22.0114948979553,"January",2002-01-01,-322.942336734705
2002,"Q2",-52.4548367346938,-436.108107142857,-488.573209183678,-902.866244897958,-1391.4375255102,-263.778239795918,38.738005102041,-225.043188775511,194.859454081636,-30.1866173469434,-1159.63020918367,-112.538515306122,-1272.16522959183,-173.027214285715,-1445.19715816326,-113.520862244892,"April",2002-04-01,-1475.86328571427
2002,"Q3",985.348903061223,417.415096938775,1402.76885204082,765.315831632651,2168.08054081632,648.296642857143,-68.0436683673472,580.256622448978,-337.162219387758,243.091602040821,698.316668367344,48.6187499999995,746.921704081626,-4.63276020408102,742.296469387755,28.2096071428514,"July",2002-07-01,2331.9622142857
2002,"Q4",-832.943326530611,-552.243239795917,-1385.18687244898,-954.977122448979,-2340.15853571428,-544.776107142857,-117.381392857142,-662.156505102039,34.9497091836756,-627.202198979595,-453.508158163264,1.01004591836784,-452.485627551013,209.057540816327,-243.434045918367,-103.261239795911,"October",2002-10-01,-1831.22759183673
2003,"Q1",282.252260204081,590.730249999999,872.982229591835,997.281535714287,1870.26452040816,401.892704081633,226.287056122448,628.173071428572,155.352056122448,783.525214285714,911.096698979594,-8.01328061224513,903.07915306122,-289.563566326531,613.517734693877,87.1014948979482,"January",2003-01-01,1595.24166326531
2003,"Q2",-600.233836734694,-455.674107142856,-1055.90820918367,-804.01824489796,-1859.9365255102,-610.817239795919,-106.681994897959,-717.492188775514,18.9524540816333,-698.541617346938,-1140.63320918368,35.8474846938774,-1104.78722959184,263.587785714286,-841.200158163264,98.6001377551111,"April",2003-04-01,-2351.68428571429
2003,"Q3",1173.92590306122,267.540096938775,1441.46585204082,586.439831632652,2027.91354081633,681.196642857143,-65.341668367347,615.853622448983,-216.141219387756,399.712602040817,381.367668367351,-75.8022499999998,305.56670408163,-169.505760204082,136.063469387749,-143.735392857145,"July",2003-07-01,2236.49021428572
2003,"Q4",-991.341326530611,-116.410239795918,-1107.75187244898,-342.052122448978,-1449.79953571429,-371.553107142857,91.3046071428571,-280.255505102042,186.346709183676,-93.9091989795907,270.005841836733,76.9670459183676,346.973372448988,108.065540816327,455.03195408164,122.048760204079,"October",2003-10-01,-1092.88859183674
2004,"Q1",407.39826020408,53.0622500000009,460.464229591837,98.1045357142857,558.557520408167,61.8807040816316,-34.1799438775513,27.712071428572,-157.118943877554,-129.404785714289,116.898698979595,-52.0422806122453,64.8561530612133,-161.251566326532,-96.3842653061238,-62.9405051020385,"January",2004-01-01,586.177663265307
2004,"Q2",-238.387836734692,-55.5631071428584,-293.958209183671,25.6797551020391,-268.270525510203,45.2757602040833,71.2720051020412,116.53981122449,361.345454081636,477.883382653064,-400.103209183679,48.4084846938779,-351.692229591828,242.113785714286,-109.589158163268,-130.227862244899,"April",2004-04-01,-593.215285714286
2004,"Q3",343.821903061223,212.369096938776,556.199852040815,320.964831632654,877.166540816324,-50.8383571428587,-90.7536683673477,-141.589377551022,-395.610219387757,-537.199397959186,-204.87433163265,-53.7292500000001,-258.61429591837,-208.87676020408,-467.483530612245,211.810607142856,"July",2004-07-01,88.1092142857115
2004,"Q4",-238.967326530611,-626.639239795918,-865.616872448979,-1265.72712244898,-2131.35653571429,-11.8941071428562,-107.459392857141,-119.354505102041,-90.361290816325,-209.714198979587,730.131841836735,21.988045918367,752.137372448979,95.7905408163244,847.922954081635,-83.8182397959117,"October",2004-10-01,479.270408163268
2005,"Q1",-241.611739795919,771.70325,530.101229591837,1564.60853571428,2094.72452040816,2.50170408163217,256.982056122447,259.485071428574,419.778056122447,679.25821428571,-36.9723010204079,19.1197193877558,-17.8668469387785,-31.7865663265288,-49.6542653061251,150.25349489795,"January",2005-01-01,-276.082336734696
2005,"Q2",1020.04116326531,-246.765107142858,773.270790816326,-382.121244897957,391.141474489796,295.122760204082,-51.3629948979572,243.760811224487,52.6954540816341,296.462382653061,-815.074209183676,-17.7875153061231,-832.855229591829,47.9107857142844,-784.938158163263,-456.701862244892,"April",2005-04-01,500.089714285719
2005,"Q3",-1239.69109693878,-152.796903061225,-1392.48714795918,-544.966168367348,-1937.45145918368,-516.719357142858,-168.998668367348,-685.723377551019,-590.892219387755,-1276.61639795918,354.071668367348,4.79775000000018,358.866704081622,-85.6147602040805,273.250469387757,406.127607142857,"July",2005-07-01,-1402.33878571429
2005,"Q4",413.81767346939,-218.238239795917,195.581127551017,-168.513122448978,27.0684642857168,207.693892857144,19.8566071428584,227.557494897958,368.355709183673,595.908801020407,124.655841836736,-42.8019540816324,81.8553724489911,78.3325408163259,160.180954081625,97.2657602040817,"October",2005-10-01,746.167408163268
2006,"Q1",579.40726020408,698.337249999999,1277.73922959184,1185.85853571428,2463.59652040816,294.254704081632,207.874056122447,502.124071428572,95.0280561224477,597.155214285714,389.493698979591,114.096719387755,503.590153061216,26.9104336734695,530.508734693886,-386.196505102043,"January",2006-01-01,1263.15566326531
2006,"Q2",-1071.13583673469,-624.479107142857,-1695.60620918367,-1188.12424489796,-2883.7305255102,-474.907239795918,-120.977994897958,-595.884188775509,-68.8875459183646,-664.772617346937,-655.234209183674,-106.780515306122,-762.015229591835,-145.438214285714,-907.456158163269,303.460137755104,"April",2006-04-01,-2201.2772857143
2006,"Q3",1026.91990306122,402.765096938774,1429.67885204082,899.833831632653,2329.51654081633,308.677642857143,-64.945668367347,243.730622448978,-131.353219387759,112.381602040816,36.0056683673465,9.91774999999893,45.9257040816365,128.895239795918,174.815469387753,-224.010392857144,"July",2006-07-01,1371.60321428573
2006,"Q4",-595.758326530613,-549.175239795916,-1144.93387244898,-1224.50412244898,-2369.44353571429,-90.6781071428572,-12.2053928571431,-102.875505102042,-63.0422908163227,-165.928198979593,469.365841836737,36.3410459183683,505.701372448973,-48.3834591836728,457.327954081636,192.879760204087,"October",2006-10-01,-217.070591836746
2007,"Q1",381.395260204083,726.359249999998,1107.75722959184,1526.66553571428,2634.42552040816,123.814704081633,158.909056122448,282.710071428574,317.365056122446,600.087214285714,90.6576989795894,-25.7782806122455,64.8871530612305,-10.2625663265308,54.6187346938768,-243.87850510205,"January",2007-01-01,595.867663265314
2007,"Q2",-783.753836734695,-546.157107142857,-1329.91120918367,-1089.10624489796,-2419.0175255102,-403.296239795918,-64.8189948979577,-468.106188775514,-75.1605459183656,-543.270617346937,-1010.42920918367,44.230484693878,-966.206229591841,76.5617857142856,-889.646158163268,451.574137755106,"April",2007-04-01,-2197.47928571429
2007,"Q3",1103.18390306122,313.704096938775,1416.88285204082,509.512831632654,1926.39754081632,507.424642857142,-74.6676683673477,432.758622448982,-307.718219387756,125.031602040815,674.100668367343,-73.0902500000007,601.017704081636,-165.273760204082,435.74846938776,-669.253392857137,"July",2007-07-01,2284.70921428571
2007,"Q4",-580.721326530612,-295.216239795918,-875.92587244898,-357.609122448981,-1233.54353571428,-199.355107142857,-5.56139285714357,-204.918505102043,261.253709183674,56.3458010204085,577.678841836738,40.8390459183681,618.508372448978,190.069540816327,808.574954081628,368.179760204075,"October",2007-10-01,-202.39759183673
2008,"Q1",-258.022739795918,313.98325,55.9452295918372,313.844535714286,369.804520408162,-109.199295918368,129.20605612245,19.9970714285737,-81.8159438775533,-61.8197857142841,-886.174301020408,20.4997193877542,-865.665846938778,-149.107566326531,-1014.77226530612,434.56249489796,"January",2008-01-01,-1253.3963367347
2008,"Q2",430.153163265305,-271.336107142858,158.830790816325,-171.953244897959,-13.134525510206,23.4467602040822,-53.5199948979589,-30.0581887755111,271.587454081636,241.525382653058,408.914790816323,8.73548469387845,417.649770408168,212.978785714285,630.627841836733,-457.770862244897,"April",2008-04-01,862.514714285714
2008,"Q3",68.3899030612261,269.907096938775,338.289852040819,111.738831632652,450.031540816332,234.333642857143,-61.9346683673482,172.390622448978,-551.580219387758,-379.187397959182,-89.8213316326483,-12.5552500000007,-102.383295918372,-187.63776020408,-290.018530612244,-90.6373928571429,"July",2008-07-01,212.902214285717
2008,"Q4",-363.838326530612,-289.297239795917,-653.134872448982,-55.958122448978,-709.092535714291,-259.526107142857,11.2806071428588,-248.24350510204,533.018709183676,284.772801020411,-181.425158163271,-71.6449540816322,-253.063627551017,58.9905408163252,-194.081045918366,227.566760204083,"October",2008-10-01,-804.789591836739
2009,"Q1",154.586260204081,326.805249999998,481.390229591837,89.8735357142841,571.268520408163,88.6567040816328,70.0370561224472,158.692071428572,-390.663943877554,-231.97078571429,628.788698979598,64.135719387755,692.91715306122,-136.78156632653,556.152734693875,-295.962505102045,"January",2009-01-01,872.03166326531
2009,"Q2",-171.638836734693,-509.134107142856,-680.768209183672,-513.905244897958,-1194.6815255102,-74.0542397959181,-6.20599489795745,-80.2571887755089,449.653454081636,369.401382653063,-1069.18720918368,12.0134846938773,-1057.15922959183,258.942785714285,-798.241158163266,327.696137755109,"April",2009-04-01,-1314.88028571428
2009,"Q3",690.014903061224,766.228096938774,1456.23885204082,1037.70183163265,2493.94554081632,273.631642857142,-65.5296683673484,208.098622448977,-592.460219387758,-384.371397959183,693.11266836735,-48.6162499999995,644.47870408163,-302.720760204081,341.780469387759,-288.029392857152,"July",2009-07-01,1656.75921428571
2009,"Q4",-721.561326530612,-983.428239795917,-1704.98787244898,-1427.08412244898,-3132.07353571428,-234.406107142857,-99.2183928571415,-333.621505102039,319.574709183676,-14.0391989795908,-185.167158163269,13.3400459183665,-171.818627551018,279.252540816326,107.424954081631,219.214760204093,"October",2009-10-01,-1141.13459183674
2010,"Q1",-202.034739795919,1041.65225,839.618229591838,1556.69253571429,2396.31352040816,-198.713295918368,302.404056122447,103.691071428572,112.127056122446,215.814214285711,737.807698979598,61.3607193877559,799.173153061221,-154.17856632653,644.985734693877,-146.500505102054,"January",2010-01-01,337.059663265314
2010,"Q2",703.319163265307,-778.451107142858,-75.1362091836722,-1080.89024489796,-1156.0315255102,335.815760204082,-185.374994897958,150.43381122449,29.2454540816352,179.684382653065,-1263.34520918368,-83.2795153061227,-1346.63322959183,40.5867857142844,-1306.02715816327,321.855137755112,"April",2010-04-01,-224.210285714293
2010,"Q3",62.5219030612225,503.609096938776,566.136852040814,574.731831632651,1140.87254081632,128.594642857142,-20.4156683673475,108.191622448978,-375.759219387757,-267.576397959188,839.813668367354,74.7367499999996,914.554704081628,33.6472397959208,948.18346938776,-551.084392857147,"July",2010-07-01,1030.93021428572
2010,"Q4",-801.29432653061,-685.972239795919,-1487.26887244898,-986.954122448978,-2474.22453571428,-460.233107142856,-97.4183928571431,-557.66550510204,131.384709183675,-426.268198979586,-307.030158163268,-97.482954081632,-404.515627551015,-83.758459183676,-488.262045918374,683.011760204085,"October",2010-10-01,-1568.55759183674
2011,"Q1",92.1772602040801,950.20025,1042.37322959184,1553.68153571429,2596.05752040816,17.0867040816322,316.263056122449,333.360071428572,297.158056122446,630.50321428571,466.288698979593,108.957719387754,575.250153061217,52.1714336734713,627.41773469388,-603.851505102044,"January",2011-01-01,575.552663265315
2011,"Q2",1628.25016326531,-562.584107142857,1065.67679081633,-794.762244897959,270.909474489796,848.469760204082,-177.614994897959,670.849811224487,-55.7715459183637,615.091382653062,-831.505209183677,-59.4635153061217,-890.973229591828,24.8297857142838,-866.144158163263,196.3591377551,"April",2011-04-01,1645.2147142857
2011,"Q3",-2073.14109693878,-3.31690306122505,-2076.47314795918,-291.354168367349,-2367.82345918367,-1021.54035714286,-117.603668367348,-1139.14037755102,-425.558219387758,-1564.70939795918,530.264668367351,-4.78725000000077,525.482704081626,-22.5367602040794,502.945469387751,-5.24939285713845,"July",2011-07-01,-2564.41678571427
2011,"Q4",621.272673469388,-200.310239795917,420.977127551018,-134.406122448977,286.568464285715,324.409892857143,60.1166071428581,384.517494897958,266.888709183675,651.417801020406,116.278841836733,7.39504591836794,123.667372448983,-25.6024591836747,98.066954081637,150.277760204082,"October",2011-10-01,1061.96140816326
2012,"Q1",501.063260204082,725.656249999999,1226.71222959184,1116.11353571428,2342.83152040816,170.588704081632,195.669056122448,366.274071428571,159.636056122448,525.900214285713,-209.620301020407,54.4757193877549,-155.136846938777,56.4334336734687,-98.7072653061305,23.6444948979552,"January",2012-01-01,462.031663265308
2012,"Q2",-631.648836734693,-703.260107142856,-1334.91020918367,-1072.92324489796,-2407.83952551021,-231.301239795918,-167.480994897959,-398.802188775509,-107.065545918366,-505.865617346937,-35.6232091836746,-83.2225153061223,-118.853229591834,-107.582214285713,-226.431158163257,-400.0158622449,"April",2012-04-01,-898.573285714283
2012,"Q3",725.621903061221,379.582096938775,1105.20785204082,516.368831632652,1621.57454081633,308.913642857143,-22.2846683673465,286.648622448977,-153.793219387757,132.858602040816,-30.1413316326543,28.2037499999997,-1.93129591837351,119.204239795917,117.274469387754,439.875607142869,"July",2012-07-01,1004.39421428571
2012,"Q4",-455.754326530609,-271.096239795917,-726.855872448982,-262.765122448978,-989.611535714286,-170.085107142858,-15.7393928571435,-185.839505102039,100.807709183677,-85.0311989795919,191.398841836738,2.15904591836738,193.551372448988,-54.2544591836722,139.288954081628,-218.044239795934,"October",2012-10-01,-434.440591836729
2013,"Q1",-160.357739795919,349.62325,189.276229591836,312.024535714285,501.290520408161,-151.362295918367,171.372056122449,20.0170714285723,90.1160561224456,110.127214285714,-301.429301020408,46.1967193877556,-255.225846938784,33.6514336734681,-221.566265306118,-120.128505102028,"January",2013-01-01,-613.149336734698
2013,"Q2",-352.264836734694,-553.833107142858,-906.113209183671,-842.49924489796,-1748.6055255102,-145.069239795917,-168.593994897959,-313.663188775512,-191.283545918366,-504.942617346939,480.771790816322,-48.8465153061229,431.922770408171,-108.432214285714,323.486841836733,589.301137755094,"April",2013-04-01,-16.5622857142798
2013,"Q3",1701.60290306122,738.465096938777,2440.08285204081,1424.62183163265,3864.70554081633,841.870642857141,76.4233316326527,918.28962244898,223.674780612245,1141.96660204082,-422.232331632649,-20.4592499999999,-442.696295918374,159.736239795918,-282.959530612243,-766.815392857137,"July",2013-07-01,2121.24121428571
2013,"Q4",-1639.75832653061,-597.000239795919,-2236.77087244898,-1071.59312244898,-3308.37153571429,-736.457107142856,-68.5563928571428,-805.011505102039,-148.652290816327,-953.669198979594,74.0118418367338,9.50104591836725,83.5193724489845,-149.053459183672,-65.5370459183714,314.857760204071,"October",2013-10-01,-2302.20359183673
2014,"Q1",417.257260204081,362.198250000001,779.469229591835,403.606535714285,1183.07952040817,121.797704081632,118.786056122449,240.59007142857,48.8350561224479,289.428214285713,258.580698979592,57.0477193877551,315.628153061218,105.942433673468,421.576734693881,209.543494897975,"January",2014-01-01,797.635663265301
2014,"Q2",-402.530836734693,-440.996107142857,-843.546209183671,-542.958244897959,-1386.4975255102,-314.956239795917,-96.9179948979593,-411.88718877551,-2.04054591836666,-413.927617346936,-314.592209183674,-16.8265153061219,-331.423229591828,-14.3962142857144,-345.823158163267,-308.46786224491,"April",2014-04-01,-1032.07928571427
2014,"Q3",1539.95490306122,674.702096938776,2214.67685204081,1078.28183163265,3292.94554081632,994.829642857141,43.5913316326528,1038.43062244898,11.4827806122457,1049.91360204082,-31.8913316326543,-58.312250000001,-90.2012959183721,-14.7127602040814,-104.914530612244,68.9576071428673,"July",2014-07-01,2502.8932142857
2014,"Q4",-1794.04432653061,-843.307239795919,-2637.36087244898,-1424.02612244898,-4061.37453571428,-957.635107142856,-129.499392857142,-1087.13150510204,-218.171290816328,-1305.30819897959,21.3188418367381,6.15304591836798,27.4713724489784,-136.003459183673,-108.532045918368,145.816760204067,"October",2014-10-01,-2730.36059183673
2015,"Q1",798.696260204082,881.844250000001,1680.53722959184,1551.98653571429,3232.51352040816,316.902704081631,256.014056122448,572.904071428571,500.22405612245,1073.14021428572,1169.61069897959,105.601719387755,1275.21615306123,355.11343367347,1630.33073469388,19.1054948979727,"January",2015-01-01,2285.20966326531
2015,"Q2",402.273163265306,-608.911107142858,-206.633209183673,-1089.54824489796,-1296.1745255102,197.267760204082,-166.304994897958,30.9728112244902,-387.038545918368,-356.076617346942,-2353.44820918367,-114.270515306122,-2467.72422959183,-403.073214285715,-2870.79315816327,-259.059862244903,"April",2015-04-01,-1753.90728571429
2015,"Q3",-875.828096938776,359.010096938776,-516.816147959182,493.487831632651,-23.3274591836789,-307.763357142857,43.151331632652,-264.61137755102,72.3217806122448,-192.28739795918,2042.57066836735,65.6887499999991,2108.26170408163,284.21623979592,2392.46746938776,201.538607142866,"July",2015-07-01,858.979214285722
2015,"Q4",446.783673469388,-709.737239795918,-262.959872448983,-961.264122448978,-1224.23353571428,165.402892857142,-215.734392857142,-50.341505102042,-222.059290816325,-272.396198979595,-1029.14515816327,-102.372954081632,-1131.51762755102,-243.355459183675,-1374.86304591837,-45.5302397959385,"October",2015-10-01,-416.958591836745
2016,"Q1",-402.726739795919,1027.35725,624.63722959184,1542.38553571429,2167.03552040816,-308.971295918367,384.885056122448,75.9270714285731,502.746056122447,578.664214285715,594.996698979594,166.672719387755,761.671153061221,312.625433673471,1074.28873469387,1.25849489797838,"January",2016-01-01,-116.701336734686
2016,"Q2",1246.49816326531,-477.700107142856,768.795790816323,-700.810244897959,67.9754744897946,718.140760204082,-159.722994897959,558.405811224488,-279.624545918366,278.790382653061,-402.293209183673,-116.616515306123,-518.919229591834,-353.548214285715,-872.459158163261,-4.98286224490585,"April",2016-04-01,1562.34571428571
2016,"Q3",-1379.81709693878,-164.715903061225,-1544.53814795918,-372.599168367348,-1917.13145918367,-660.683357142857,-115.869668367347,-776.543377551019,-60.8352193877563,-837.382397959183,-212.688331632657,13.5267500000001,-199.144295918369,316.386239795919,117.232469387752,-8.24539285714127,"July",2016-07-01,-2253.18878571428
2016,"Q4",545.328673469392,28.7707602040821,574.106127551016,320.871877551022,894.972464285715,305.879892857144,39.3706071428571,345.242494897957,103.739709183675,448.985801020408,696.614841836741,-20.6999540816325,675.90037244898,-206.559459183675,469.348954081638,57.4767602040811,"October",2016-10-01,1547.82340816327
2017,"Q1",-281.01873979592,350.31625,69.2952295918376,69.1445357142852,138.447520408157,-365.885295918369,146.365056122449,-219.514928571427,-98.309943877553,-317.835785714288,-322.285301020414,91.7567193877549,-230.524846938778,61.6344336734696,-168.89426530613,-139.557505102039,"January",2017-01-01,-969.189336734701
2017,"Q2",321.933163265307,-355.381107142858,-33.4482091836726,-45.7432448979584,-79.1965255101923,387.425760204085,-111.130994897959,276.29381122449,203.563454081635,479.872382653064,-412.81720918367,-66.7725153061222,-479.588229591835,32.1187857142854,-447.471158163257,122.421137755096,"April",2017-04-01,296.541714285724
2017,"Q3",124.073903061224,232.250096938776,356.322852040816,-67.1241683673493,289.197540816316,-5.36135714286002,2.53933163265333,-2.82537755102248,-253.504219387757,-256.341397959184,557.815668367345,4.05174999999963,561.867704081635,-11.79976020408,550.077469387748,-81.6643928571357,"July",2017-07-01,676.528214285706
2017,"Q4",92.5156734693887,-392.968239795919,-300.44687244898,-172.547122448977,-472.991535714282,103.128892857145,-124.129392857143,-20.9905051020387,57.7677091836758,36.7828010204075,-381.046158163262,-62.6639540816323,-443.710627551024,-96.6054591836757,-540.330045918365,18.3837602040767,"October",2017-10-01,-185.401591836726
2018,"Q1",-1182.19873979592,578.15725,-604.051770408163,458.162535714283,-145.88947959184,-778.780295918368,303.395056122448,-475.40292857143,204.608056122446,-270.795785714286,546.402698979589,152.326719387755,698.727153061224,187.953433673471,886.690734693881,197.603494897958,"January",2018-01-01,-1414.5763367347
2018,"Q2",1087.72316326531,-379.749107142858,707.982790816325,-282.079244897958,425.904474489802,730.296760204081,-194.883994897958,535.428811224493,-191.265545918366,344.160382653064,-611.390209183675,-109.913515306123,-721.301229591832,-225.920214285715,-947.226158163274,-234.127862244892,"April",2018-04-01,1206.62971428572
2018,"Q3",455.597903061223,268.349096938776,723.94685204082,233.833831632652,957.780540816322,166.243642857143,45.3333316326525,211.573622448976,114.310780612243,325.889602040814,238.11366836735,46.6787500000003,284.793704081629,282.662239795918,567.455469387764,31.3016071428574,"July",2018-07-01,859.95521428571
2018,"Q4",-852.615326530611,-632.460239795918,-1485.08487244898,-764.050122448979,-2249.13953571429,-363.226107142857,-195.908392857143,-559.142505102039,-285.838290816323,-844.985198979589,58.981841836734,-120.663954081633,-61.6866275510201,-371.727459183673,-433.408045918373,-15.2292397959318,"October",2018-10-01,-1156.85959183673
2019,"Q1",-848.639739795919,752.135249999999,-96.4917704081627,883.323535714286,786.835520408164,-546.191295918368,343.977056122449,-202.20492857143,442.193056122444,239.992214285709,77.0486989795909,221.192719387755,298.245153061227,454.379433673468,752.617734693884,-176.254505102021,"January",2019-01-01,-1317.7823367347
2019,"Q2",2595.66516326531,-106.944107142857,2488.71279081633,142.79275510204,2631.5084744898,1177.73376020408,-277.126994897959,900.601811224492,-472.678545918364,427.917382653067,-985.609209183675,-263.890515306122,-1249.50122959184,-618.897214285713,-1868.39215816327,-872.012862244916,"April",2019-04-01,2787.78971428572
2019,"Q3",-2552.09709693878,-410.603903061225,-2962.69814795918,-1038.29116836735,-4000.99645918368,-743.754357142858,371.330331632652,-372.424377551024,759.957780612244,387.540602040812,2503.50266836735,372.946749999999,2876.45070408163,923.369239795918,3799.81246938776,5408.12160714287,"July",2019-07-01,-792.348785714291
2019,"Q4",1378.59067346939,-90.7982397959179,1287.78812755102,344.709877551023,1632.50746428572,145.847892857144,-611.467392857142,-465.613505102038,-1026.11429081633,-1491.73519897959,-2667.86015816327,-431.148954081632,-3099.00862755101,-936.967459183672,-4035.97304591837,-8394.50223979594,"October",2019-10-01,-1143.42159183673
2020,"Q1",-641.992739795919,805.67025,163.687229591837,860.249535714283,1023.92452040816,-115.825295918368,533.155056122448,417.323071428572,737.833056122449,1155.16321428571,859.881698979591,244.801719387754,1104.67715306121,479.145433673467,1583.82873469388,5380.85449489798,"January",2020-01-01,102.0636632653
2020,"Q2",195.058163265306,-735.473107142858,-540.426209183675,-978.484244897958,-1518.8995255102,78.4517602040814,-162.568994897958,-84.1151887755132,-250.390545918367,-334.512617346933,935.628790816326,10.8134846938777,946.451770408173,-124.532214285712,821.909841836733,-1395.05386224491,"April",2020-04-01,1209.13871428572
2020,"Q3",440.110903061225,429.343096938776,869.46285204082,554.088831632653,1423.54554081633,212.265642857144,-53.523668367347,158.741622448983,16.7847806122438,175.534602040811,-1791.85133163265,-100.58225,-1892.44129591837,89.9912397959172,-1802.44353061225,-188.56239285714,"July",2020-07-01,-1139.47478571429
2020,"Q4",-618.721326530612,-640.601239795918,-1259.32887244898,-702.068122448979,-1961.39153571429,-225.106107142857,-114.037392857143,-339.140505102043,-122.437290816325,-461.586198979589,1637.19284183674,-8.11995408163273,1629.07837244899,-163.150459183673,1465.92595408164,768.319760204075,"October",2020-10-01,793.365408163272
2021,"Q1",426.790260204081,1002.98225,1429.77722959184,1283.69153571429,2713.46152040817,47.0647040816325,334.385056122449,381.445071428573,397.565056122448,779.012214285713,-503.207301020409,120.323719387755,-382.885846938784,258.57743367347,-124.312265306128,-1101.51050510203,"January",2021-01-01,-29.3523367347025
2021,"Q2",-652.507836734694,-841.048107142858,-1493.56120918367,-1350.78624489796,-2844.3425255102,-220.880239795918,-230.667994897959,-451.542188775511,-508.889545918368,-960.427617346938,-534.888209183673,-63.9275153061218,-598.818229591828,-352.734214285715,-951.543158163264,1066.0671377551,"April",2021-04-01,-1408.27628571428
2021,"Q3",931.425903061224,393.040096938776,1324.47485204082,704.549831632654,2029.02354081633,490.920642857143,46.7273316326534,537.637622448981,377.817780612245,915.455602040815,673.897668367346,-25.9202500000014,647.982704081628,358.851239795918,1006.82446938776,-362.203392857144,"July",2021-07-01,2096.24421428571
2021,"Q4",-353.269326530612,-456.823239795917,-810.107872448981,-338.53412244898,-1148.64053571429,-140.490107142856,-171.999392857143,-312.476505102043,-201.172290816325,-513.658198979592,-571.703158163264,-14.4699540816309,-586.178627551022,-169.063459183672,-755.236045918366,-227.04523979592,"October",2021-10-01,-1065.46259183673
