DATE,Quarter,Primary Energy Consumed by the Residential Sector,Electricity Sales to Ultimate Customers in the Residential Sector,End-Use Energy Consumed by the Residential Sector,Residential Sector Electrical System Energy Losses,Total Energy Consumed by the Residential Sector,Primary Energy Consumed by the Commercial Sector,Electricity Sales to Ultimate Customers in the Commercial Sector,End-Use Energy Consumed by the Commercial Sector,Commercial Sector Electrical System Energy Losses,Total Energy Consumed by the Commercial Sector,Primary Energy Consumed by the Industrial Sector,Electricity Sales to Ultimate Customers in the Industrial Sector,End-Use Energy Consumed by the Industrial Sector,Industrial Sector Electrical System Energy Losses,Total Energy Consumed by the Industrial Sector,GDP,Month,Formatted Data
1973,Q1,3497.5429999999997,507.558,4005.0999999999995,1174.763,5179.863,1773.8719999999998,361.29200000000003,2135.165,835.848,2971.013,5794.743,565.474,6360.217000000001,1307.9859999999999,7668.2029999999995,5646.286,January,"January 1, 1973"
1973,Q2,1618.2389999999998,432.004,2050.243,1054.452,3104.6960000000004,878.4839999999999,360.096,1238.58,879.9440000000001,2118.5240000000003,5949.235,580.525,6529.758,1415.982,7945.741,5707.755,April,"April 1, 1973"
1973,Q3,962.3889999999999,570.058,1532.4470000000001,1360.7649999999999,2893.214,608.617,424.047,1032.664,1012.5329999999999,2045.1970000000001,6206.504,597.768,6804.272000000001,1426.614,8230.885,5677.738,July,"July 1, 1973"
1973,Q4,2147.877,466.718,2614.5950000000003,1104.238,3718.835,1162.01,371.218,1533.228,876.9430000000001,2410.17,6737.139999999999,597.157,7334.2970000000005,1411.1009999999999,8745.398,5731.632,October,"October 1, 1973"
1974,Q1,3210.954,500.72299999999996,3711.679,1175.772,4887.451,1639.0529999999999,351.947,1990.999,826.4300000000001,2817.429,5722.147,566.631,6288.777,1330.642,7619.42,5682.353,January,"January 1, 1974"
1974,Q2,1593.7330000000002,446.616,2040.348,1095.536,3135.884,853.0420000000001,359.599,1212.6399999999999,883.2909999999999,2095.931,5566.777,583.5989999999999,6150.375,1433.465,7583.841,5695.859,April,"April 1, 1974"
1974,Q3,956.815,556.796,1513.6109999999999,1347.114,2860.7250000000004,605.4110000000001,417.22099999999995,1022.6300000000001,1008.462,2031.094,6108.77,604.053,6712.823,1458.008,8170.831,5642.025,July,"July 1, 1974"
1974,Q4,2147.095,468.62699999999995,2615.7219999999998,1154.988,3770.71,1161.7540000000001,372.568,1534.3220000000001,916.5089999999999,2450.831,6364.054,582.511,6946.5650000000005,1430.876,8377.442000000001,5620.126,October,"October 1, 1974"
1975,Q1,3233.9649999999997,522.188,3756.1530000000002,1220.88,4977.032,1537.0369999999998,381.40500000000003,1918.442,891.71,2810.151,5491.551,571.65,6063.201000000001,1336.408,7399.608,5551.713,January,"January 1, 1975"
1975,Q2,1760.1,451.528,2211.629,1114.383,3326.011,886.1789999999999,381.32,1267.5,942.901,2210.4,4626.651,571.858,5198.508,1413.045,6611.554,5591.382,April,"April 1, 1975"
1975,Q3,964.369,568.795,1533.164,1348.1989999999998,2881.364,582.0830000000001,445.395,1027.479,1055.384,2082.8630000000003,5316.983,596.583,5913.565,1410.614,7324.18,5687.087,July,"July 1, 1975"
1975,Q4,2031.862,464.223,2496.085,1130.9759999999999,3627.061,1054.056,389.70500000000004,1443.762,947.259,2391.0209999999997,5965.164,606.2719999999999,6571.436,1473.049,8044.485,5763.665,October,"October 1, 1975"
1976,Q1,3300.504,554.028,3854.531,1294.49,5149.022,1629.885,406.22,2036.105,949.4200000000001,2985.524,5352.404,611.9399999999999,5964.346,1430.408,7394.752999999999,5893.276,January,"January 1, 1976"
1976,Q2,1600.3540000000003,441.769,2042.123,1072.8410000000001,3114.964,839.394,394.326,1233.72,959.087,2192.808,5212.87,639.476,5852.346,1553.6390000000001,7405.985000000001,5936.515,April,"April 1, 1976"
1976,Q3,975.0239999999999,564.708,1539.733,1336.21,2875.944,603.247,463.118,1066.365,1095.406,2161.77,5623.568,662.117,6285.6849999999995,1563.979,7849.6630000000005,5969.089,July,"July 1, 1976"
1976,Q4,2515.947,508.70900000000006,3024.656,1243.696,4268.351,1299.12,414.279,1713.4,1010.969,2724.369,6439.093000000001,659.35,7098.443000000001,1608.471,8706.913,6012.356,October,"October 1, 1976"
1977,Q1,3601.304,609.96,4211.264,1406.7959999999998,5618.06,1708.4049999999997,429.14300000000003,2137.547,989.99,3127.538,5434.296,643.233,6077.527999999999,1483.173,7560.700999999999,6083.391,January,"January 1, 1977"
1977,Q2,1457.54,461.375,1918.9160000000002,1131.393,3050.307,794.899,414.32399999999996,1209.223,1017.469,2226.692,5516.780000000001,677.106,6193.886,1661.472,7855.358,6201.659,April,"April 1, 1977"
1977,Q3,959.623,619.958,1579.5810000000001,1489.648,3069.2289999999994,617.369,487.327,1104.697,1169.376,2274.072,5864.988,684.293,6549.280000000001,1640.087,8189.366,6313.559,July,"July 1, 1977"
1977,Q4,2175.828,510.26300000000003,2686.09,1234.5240000000001,3920.614,1137.654,423.072,1560.727,1020.523,2581.25,6307.404,677.328,6984.732,1633.4160000000002,8618.148000000001,6313.697,October,"October 1, 1977"
1978,Q1,3507.374,645.7760000000001,4153.15,1538.23,5691.379,1721.762,445.06100000000004,2166.824,1060.014,3226.8379999999997,5617.808,646.6320000000001,6264.44,1541.547,7805.986000000001,6333.848,January,"January 1, 1978"
1978,Q2,1583.3229999999999,485.323,2068.6459999999997,1204.685,3273.332,839.271,420.28099999999995,1259.551,1045.162,2304.7129999999997,5489.347,686.894,6176.2390000000005,1708.4569999999999,7884.697,6578.605,April,"April 1, 1978"
1978,Q3,1009.0199999999999,640.0020000000001,1649.0229999999997,1541.939,3190.962,620.562,505.401,1125.963,1217.333,2343.296,5773.266,714.8689999999999,6488.134,1720.02,8208.153,6644.754,July,"July 1, 1978"
1978,Q4,2160.884,530.177,2691.0609999999997,1281.791,3972.852,1127.518,442.527,1570.045,1067.547,2637.5919999999996,6318.517,712.1800000000001,7030.698,1716.966,8747.664,6734.069,October,"October 1, 1978"
1979,Q1,3476.174,672.488,4148.661,1583.2030000000002,5731.8640000000005,1805.833,465.9,2271.732,1095.779,3367.511,5949.866,701.981,6651.848,1649.4520000000002,8301.3,6746.176,January,"January 1, 1979"
1979,Q2,1529.384,495.986,2025.369,1187.247,3212.616,857.6659999999999,437.607,1295.273,1049.4779999999998,2344.75,5678.99,729.0120000000001,6408.002,1747.4279999999999,8155.429,6753.389,April,"April 1, 1979"
1979,Q3,944.097,624.796,1568.891,1490.6899999999998,3059.58,588.03,503.121,1091.151,1200.309,2291.46,5959.086,730.011,6689.096,1741.4360000000001,8430.533,6803.558,July,"July 1, 1979"
1979,Q4,1969.6979999999999,536.509,2506.208,1300.856,3807.063,1114.438,447.494,1561.933,1083.7640000000001,2645.696,6556.99,711.568,7268.559000000001,1722.8039999999999,8991.363000000001,6820.572,October,"October 1, 1979"
1980,Q1,3065.046,651.187,3716.234,1530.728,5246.96,1601.301,463.597,2064.896,1089.52,3154.4169999999995,5968.84,699.889,6668.73,1644.163,8312.894,6842.024,January,"January 1, 1980"
1980,Q2,1457.533,510.8280000000001,1968.3600000000001,1246.43,3214.7900000000004,796.941,440.398,1237.339,1077.389,2314.728,5228.626,688.821,5917.448,1681.782,7599.23,6701.046,April,"April 1, 1980"
1980,Q3,873.8880000000001,721.9789999999999,1595.866,1743.446,3339.312,543.995,537.495,1081.491,1296.5,2377.991,5241.381,690.985,5932.366,1663.915,7596.280000000001,6693.082,July,"July 1, 1980"
1980,Q4,2042.734,564.099,2606.833,1345.404,3952.237,1163.18,464.601,1627.781,1106.643,2734.424,6109.313,701.313,6810.625,1670.605,8481.23,6817.903,October,"October 1, 1980"
1981,Q1,2990.0209999999997,675.939,3665.959,1509.277,5175.236000000001,1523.89,494.687,2018.5769999999998,1104.866,3123.4439999999995,5330.671,692.8969999999999,6023.5689999999995,1547.568,7571.137000000001,6951.495,January,"January 1, 1981"
1981,Q2,1276.373,530.3159999999999,1806.6879999999999,1290.56,3097.2480000000005,698.343,480.574,1178.917,1170.4,2349.317,5053.816,711.3810000000001,5765.198,1729.71,7494.907,6899.98,April,"April 1, 1981"
1981,Q3,844.5350000000001,687.1320000000001,1531.6660000000002,1597.1480000000001,3128.8140000000003,534.615,565.022,1099.635,1309.951,2409.5860000000002,5267.112,732.669,5999.780000000001,1697.475,7697.253000000001,6982.609,July,"July 1, 1981"
1981,Q4,1933.3780000000002,570.981,2504.36,1350.333,3854.693,1080.493,492.95799999999997,1573.451,1162.6960000000001,2736.1459999999997,5616.8279999999995,680.489,6297.316999999999,1602.935,7900.25,6906.529,October,"October 1, 1981"
1982,Q1,3041.58,702.495,3744.076,1613.599,5357.674,1571.036,518.242,2089.2780000000002,1189.624,3278.901,4997.317,649.008,5646.3240000000005,1489.46,7135.785,6799.233,January,"January 1, 1982"
1982,Q2,1424.483,539.41,1963.892,1292.76,3256.652,765.875,491.553,1257.427,1180.3200000000002,2437.747,4473.905000000001,644.483,5118.388,1546.685,6665.0740000000005,6830.251,April,"April 1, 1982"
1982,Q3,884.5699999999999,677.837,1562.408,1627.03,3189.437,545.044,567.2270000000001,1112.272,1359.9479999999999,2472.2200000000003,4621.8,634.3019999999999,5256.102,1522.6200000000001,6778.722,6804.139,July,"July 1, 1982"
1982,Q4,1796.4189999999999,569.3789999999999,2365.799,1358.292,3724.09,982.692,500.027,1482.719,1191.326,2674.0460000000003,4905.698,613.974,5519.671,1462.633,6982.305,6806.857,October,"October 1, 1982"
1983,Q1,2855.2290000000003,661.645,3516.875,1514.86,5031.735,1494.307,505.318,1999.625,1157.46,3157.084,4664.837,604.7139999999999,5269.551,1384.7469999999998,6654.2970000000005,6896.561,January,"January 1, 1983"
1983,Q2,1430.1570000000002,546.231,1976.3890000000001,1301.348,3277.739,793.353,491.13200000000006,1284.4859999999999,1173.049,2457.535,4515.128,646.3330000000001,5161.46,1544.214,6705.674000000001,7053.5,April,"April 1, 1983"
1983,Q3,842.623,755.8820000000001,1598.507,1767.123,3365.63,561.077,600.671,1161.748,1404.0639999999999,2565.812,4589.143,701.69,5290.8330000000005,1638.6639999999998,6929.496,7194.504,July,"July 1, 1983"
1983,Q4,1705.567,598.4770000000001,2304.045,1444.3129999999999,3748.357,992.1010000000001,519.316,1511.4170000000001,1246.787,2758.205,4722.5470000000005,694.974,5417.521000000001,1667.0529999999999,7084.5740000000005,7344.597,October,"October 1, 1983"
1984,Q1,3040.862,741.933,3782.795,1652.2219999999998,5435.016,1588.721,554.467,2143.189,1235.2340000000002,3378.4210000000003,5335.048,693.22,6028.268,1544.8319999999999,7573.101000000001,7488.167,January,"January 1, 1984"
1984,Q2,1497.293,581.338,2078.631,1359.6819999999998,3438.3120000000004,822.8329999999999,536.04,1358.872,1255.701,2614.574,5014.678,723.898,5738.575,1694.107,7432.683000000001,7617.547,April,"April 1, 1984"
1984,Q3,909.725,724.288,1634.0130000000001,1659.015,3293.03,591.904,621.857,1213.761,1422.0610000000001,2635.822,4870.014,740.198,5610.211,1693.2930000000001,7303.503999999999,7690.985,July,"July 1, 1984"
1984,Q4,1764.4,614.114,2378.5119999999997,1410.3780000000002,3788.8900000000003,997.752,552.11,1549.8629999999998,1266.786,2816.649,4892.704,701.381,5594.084,1609.039,7203.123,7754.117,October,"October 1, 1984"
1985,Q1,2998.7450000000003,750.821,3749.566,1679.143,5428.708,1485.7849999999999,565.2429999999999,2051.0280000000002,1264.633,3315.661,5003.644,696.822,5700.467,1558.942,7259.409,7829.26,January,"January 1, 1985"
1985,Q2,1320.616,580.5609999999999,1901.1770000000001,1335.028,3236.2039999999997,687.182,561.8689999999999,1249.0520000000001,1293.574,2542.625,4754.1,722.579,5476.679,1662.4499999999998,7139.128,7898.194,April,"April 1, 1985"
1985,Q3,916.358,738.798,1655.158,1676.298,3331.456,540.3050000000001,646.515,1186.8200000000002,1466.7050000000002,2653.525,4728.935,733.763,5462.699,1663.9320000000002,7126.628999999999,8018.809,July,"July 1, 1985"
1985,Q4,1916.907,638.722,2555.629,1490.153,4045.7839999999997,1020.5159999999998,577.656,1598.173,1344.132,2942.304,4895.818,701.9010000000001,5597.7210000000005,1631.7310000000002,7229.450000000001,8078.415,October,"October 1, 1985"
1986,Q1,2891.813,748.604,3640.416,1606.3179999999998,5246.736000000001,1485.6670000000001,582.3,2067.966,1248.909,3316.876,5142.577,693.433,5836.011,1487.397,7323.407,8153.829,January,"January 1, 1986"
1986,Q2,1303.929,597.7950000000001,1901.723,1380.143,3281.866,705.606,582.6229999999999,1288.228,1346.7150000000001,2634.943,4736.52,711.104,5447.624,1641.732,7089.356,8190.552,April,"April 1, 1986"
1986,Q3,891.1669999999999,783.848,1675.0140000000001,1775.562,3450.576,536.316,677.04,1213.355,1531.118,2744.473,4501.264999999999,725.531,5226.796,1638.7559999999999,6865.5509999999995,8268.935,July,"July 1, 1986"
1986,Q4,1820.891,664.482,2485.374,1506.741,3992.114,965.6990000000001,596.6659999999999,1562.367,1352.05,2914.416,4649.195,703.701,5352.896,1594.17,6947.066000000001,8313.338,October,"October 1, 1986"
1987,Q1,2806.166,761.373,3567.5389999999998,1649.1350000000002,5216.6720000000005,1457.0330000000001,599.4069999999999,2056.44,1297.143,3353.5819999999994,5109.59,687.9830000000001,5797.573,1488.333,7285.906999999999,8375.274,January,"January 1, 1987"
1987,Q2,1320.4470000000001,639.912,1960.359,1461.0720000000001,3421.43,723.192,613.007,1336.2,1401.165,2737.365,4821.412,728.332,5549.744000000001,1662.717,7212.460000000001,8465.63,April,"April 1, 1987"
1987,Q3,887.206,837.9200000000001,1725.1260000000002,1849.1270000000002,3574.2529999999997,556.146,712.2139999999999,1268.36,1568.152,2836.513,4896.941,770.554,5667.494000000001,1693.8819999999998,7361.375999999999,8539.075,July,"July 1, 1987"
1987,Q4,1910.983,662.395,2573.379,1479.163,4052.542,1038.291,614.1279999999999,1652.4180000000001,1367.56,3019.978,5078.689,741.422,5820.110000000001,1650.518,7470.628999999999,8685.694,October,"October 1, 1987"
1988,Q1,3069.2549999999997,823.475,3892.729,1775.124,5667.853999999999,1555.973,641.845,2197.819,1382.889,3580.7079999999996,5333.165,734.964,6068.129999999999,1583.029,7651.159000000001,8730.569,January,"January 1, 1988"
1988,Q2,1381.2490000000003,641.0790000000001,2022.3270000000002,1455.108,3477.435,771.14,634.8679999999999,1406.009,1442.188,2848.197,4975.594,757.517,5733.111,1719.32,7452.431,8845.28,April,"April 1, 1988"
1988,Q3,916.124,883.57,1799.694,1957.5140000000001,3757.2070000000003,613.361,752.166,1365.527,1661.5780000000002,3027.1040000000003,5141.068,797.325,5938.392,1758.2109999999998,7696.604,8897.107,July,"July 1, 1988"
1988,Q4,1991.022,698.337,2689.359,1542.325,4231.682,1053.697,646.228,1699.924,1423.7289999999998,3123.6530000000002,5361.84,769.046,6130.887000000001,1693.9769999999999,7824.863,9015.661,October,"October 1, 1988"
1989,Q1,2977.4700000000003,821.813,3799.284,1833.206,5632.491,1490.9389999999999,659.015,2149.9539999999997,1470.3690000000001,3620.3240000000005,5256.790999999999,757.605,6014.397,1690.3379999999997,7704.734,9107.314,January,"January 1, 1989"
1989,Q2,1422.653,674.957,2097.61,1573.9360000000001,3671.5470000000005,791.219,666.755,1457.9740000000002,1556.576,3014.55,5072.3460000000005,788.9970000000001,5861.343,1841.749,7703.092000000001,9176.827,April,"April 1, 1989"
1989,Q3,954.07,856.0429999999999,1810.1129999999998,1966.4739999999997,3776.5860000000002,610.454,763.698,1374.153,1751.8490000000002,3126.002,5134.906,818.5730000000001,5953.477000000001,1875.946,7829.424,9244.816,July,"July 1, 1989"
1989,Q4,2218.2799999999997,736.836,2955.115,1755.119,4710.234,1153.731,677.172,1830.9029999999998,1605.7939999999999,3436.6980000000003,5371.8150000000005,793.173,6164.988,1878.52,8043.508,9263.033,October,"October 1, 1989"
1990,Q1,2621.464,825.521,3446.986,1819.402,5266.388,1392.402,677.778,2070.179,1498.231,3568.4120000000003,5255.571,773.352,6028.923000000001,1711.645,7740.567999999999,9364.259,January,"January 1, 1990"
1990,Q2,1284.1750000000002,689.212,1973.3870000000002,1647.551,3620.937,799.96,687.489,1487.4500000000003,1643.8850000000002,3131.335,5196.05,804.2660000000001,6000.317,1921.142,7921.459000000001,9398.243,April,"April 1, 1990"
1990,Q3,837.047,905.9000000000001,1742.9470000000001,2082.13,3825.076,648.694,802.21,1450.904,1843.317,3294.22,5345.856,841.9559999999999,6187.812,1933.915,8121.728,9404.494,July,"July 1, 1990"
1990,Q4,1810.971,732.1179999999999,2543.09,1676.8380000000002,4219.927,1052.892,692.6759999999999,1745.569,1582.221,3327.7889999999998,5322.415,806.5449999999998,6128.961,1841.415,7970.375000000001,9318.876,October,"October 1, 1990"
1991,Q1,2756.24,843.722,3599.9629999999997,1875.7350000000001,5475.6990000000005,1466.5810000000001,686.7370000000001,2153.316,1526.299,3679.616,5105.964,767.692,5873.655,1705.786,7579.441000000001,9275.276,January,"January 1, 1991"
1991,Q2,1219.46,730.55,1950.0099999999998,1709.697,3659.7070000000003,763.2330000000001,714.294,1477.5259999999998,1672.9740000000002,3150.5,4878.063,808.596,5686.659,1893.3780000000002,7580.036999999999,9347.597,April,"April 1, 1991"
1991,Q3,820.4760000000001,927.662,1748.138,2113.457,3861.594,619.256,812.846,1432.102,1848.326,3280.4280000000003,5308.133,846.6510000000001,6154.785,1923.498,8078.283000000001,9394.834,July,"July 1, 1991"
1991,Q4,1951.404,757.9490000000001,2709.353,1713.2130000000002,4422.567,1097.0590000000002,704.216,1801.2759999999998,1590.199,3391.4749999999995,5475.093000000001,806.8029999999999,6281.895999999999,1821.561,8103.457,9427.581,October,"October 1, 1991"
1992,Q1,2746.547,844.361,3590.9080000000004,1865.571,5456.479,1439.4470000000001,692.0179999999999,2131.465,1529.161,3660.6259999999993,5428.087,796.971,6225.057000000001,1760.9969999999998,7986.053000000001,9540.444,January,"January 1, 1992"
1992,Q2,1333.7330000000002,696.537,2030.27,1590.8319999999999,3621.102,803.105,699.7810000000001,1502.885,1599.947,3102.8320000000003,5242.231,827.518,6069.748,1891.018,7960.766,9643.893,April,"April 1, 1992"
1992,Q3,853.256,875.795,1729.05,2000.3430000000003,3729.393,619.072,797.778,1416.849,1820.047,3236.8959999999997,5410.95,867.718,6278.6669999999995,1978.72,8257.386999999999,9739.185,July,"July 1, 1992"
1992,Q4,2016.88,776.731,2793.611,1756.382,4549.994000000001,1129.606,710.6469999999999,1840.2540000000001,1601.928,3442.183,5617.87,826.693,6444.564,1862.413,8306.976999999999,9840.753,October,"October 1, 1992"
1993,Q1,2995.546,887.952,3883.4979999999996,1975.7240000000002,5859.2210000000005,1533.009,715.781,2248.791,1591.918,3840.71,5451.3099999999995,795.713,6247.023,1769.219,8016.239,9857.185,January,"January 1, 1993"
1993,Q2,1328.952,717.066,2046.019,1649.54,3695.559,786.7919999999999,722.4390000000001,1509.2310000000002,1663.667,3172.898,5112.627,834.921,5947.548000000001,1920.993,7868.542,9914.565,April,"April 1, 1993"
1993,Q3,843.7539999999999,997.019,1840.772,2264.0190000000002,4104.791,590.638,849.8399999999999,1440.479,1925.089,3365.568,5394.975,867.27,6262.245,1962.962,8225.206,9961.873,July,"July 1, 1993"
1993,Q4,1973.038,792.1560000000001,2765.194,1789.348,4554.543,1059.928,730.693,1790.6219999999998,1647.897,3438.518,5725.530000000001,836.182,6561.7119999999995,1886.085,8447.796,10097.362,October,"October 1, 1993"
1994,Q1,3130.505,932.732,4063.236,2031.472,6094.709,1624.4240000000002,739.445,2363.8689999999997,1610.2669999999998,3974.1369999999997,5714.991,816.065,6531.0560000000005,1777.1,8308.155999999999,10195.338,January,"January 1, 1994"
1994,Q2,1241.809,753.2429999999999,1995.0520000000001,1744.821,3739.874,771.785,755.825,1527.6109999999999,1750.2730000000001,3277.883,5336.067999999999,857.6089999999999,6193.6759999999995,1983.597,8177.273999999999,10333.495,April,"April 1, 1994"
1994,Q3,788.2840000000001,974.7860000000001,1763.0699999999997,2174.3430000000003,3937.4139999999998,591.9200000000001,868.308,1460.227,1932.5120000000002,3392.74,5561.625,901.5550000000001,6463.1810000000005,2004.1650000000002,8467.346,10393.898,July,"July 1, 1994"
1994,Q4,1816.984,780.1790000000001,2597.163,1739.306,4336.469,1028.5259999999998,751.939,1780.466,1674.895,3455.3599999999997,5721.664000000001,864.0029999999999,6585.6669999999995,1924.505,8510.171999999999,10512.962,October,"October 1, 1994"
1995,Q1,2826.87,896.533,3723.402,1941.373,5664.776,1507.016,760.4680000000001,2267.483,1647.223,3914.705,5582.098,832.636,6414.735000000001,1803.7350000000001,8218.47,10550.251,January,"January 1, 1995"
1995,Q2,1290.437,760.444,2050.8819999999996,1738.35,3789.231,801.213,777.385,1578.598,1777.104,3355.701,5521.986,868.548,6390.532000000001,1984.9540000000002,8375.487,10581.723,April,"April 1, 1995"
1995,Q3,763.6469999999999,1067.355,1831.002,2471.358,4302.361,596.6859999999999,919.0340000000001,1515.72,2122.654,3638.374,5739.837,897.429,6637.266,2069.728,8706.993,10671.738,July,"July 1, 1995"
1995,Q4,2054.0069999999996,832.681,2886.688,1879.935,4766.623,1195.714,795.149,1990.8629999999998,1792.024,3782.8869999999997,5814.152,856.697,6670.848999999999,1930.5459999999998,8601.395,10744.203,October,"October 1, 1995"
1996,Q1,3214.7030000000004,995.547,4210.25,2164.84,6375.09,1666.2019999999998,798.5939999999999,2464.797,1736.861,4201.659,5849.889,853.953,6703.843999999999,1857.3539999999998,8561.198,10824.674,January,"January 1, 1996"
1996,Q2,1362.3990000000001,819.222,2181.6220000000003,1904.221,4085.843,832.2930000000001,809.58,1641.874,1883.692,3525.566,5637.4169999999995,878.0360000000001,6515.4529999999995,2042.086,8557.539,11005.217,April,"April 1, 1996"
1996,Q3,773.5160000000001,1034.752,1808.268,2363.002,4171.269,584.185,926.4169999999999,1510.6019999999999,2110.6099999999997,3621.212,5790.504,913.619,6704.120999999999,2079.761,8783.882000000001,11103.935,July,"July 1, 1996"
1996,Q4,2114.56,844.01,2958.57,1906.3319999999999,4864.902,1190.996,809.377,2000.373,1827.565,3827.9359999999997,6065.3330000000005,881.142,6946.475,1989.667,8936.142,11219.238,October,"October 1, 1996"
1997,Q1,2940.4000000000005,947.884,3888.2839999999997,2041.73,5930.014,1591.908,824.432,2416.341,1777.5059999999999,4193.847,5873.842000000001,849.5210000000001,6723.3640000000005,1831.5040000000001,8554.867,11291.665,January,"January 1, 1997"
1997,Q2,1319.212,774.885,2094.096,1786.9969999999998,3881.093,864.33,834.5129999999999,1698.8429999999998,1925.097,3623.942,5794.411,887.442,6681.853,2045.8090000000002,8727.662,11479.33,April,"April 1, 1997"
1997,Q3,756.9110000000001,1061.481,1818.391,2462.2960000000003,4280.687,647.011,977.9599999999999,1624.971,2263.886,3888.858,5880.988,922.247,6803.234999999999,2132.3059999999996,8935.541000000001,11622.911,July,"July 1, 1997"
1997,Q4,2014.7720000000002,886.654,2901.426,1969.723,4871.15,1192.417,865.941,2058.3599999999997,1920.2130000000002,3978.571,6071.8,883.1179999999999,6954.918,1958.4450000000002,8913.363000000001,11722.722,October,"October 1, 1997"
1998,Q1,2761.831,938.581,3700.412,2043.141,5743.553,1516.519,842.809,2359.328,1835.35,4194.678,5764.0830000000005,855.615,6619.698,1862.4899999999998,8482.189,11839.876,January,"January 1, 1998"
1998,Q2,1199.19,853.538,2052.728,2015.438,4068.166,793.028,891.732,1684.762,2104.038,3788.7999999999997,5588.3060000000005,902.514,6490.82,2127.036,8617.857,11949.492,April,"April 1, 1998"
1998,Q3,718.814,1188.675,1907.488,2731.822,4639.3099999999995,628.541,1047.4689999999998,1676.009,2402.315,4078.325,5857.545,929.9590000000001,6787.504,2131.733,8919.237000000001,12099.191,July,"July 1, 1998"
1998,Q4,1731.747,875.1380000000001,2606.886,1902.257,4509.142,1066.942,895.979,1962.9209999999998,1943.854,3906.7749999999996,5903.888,898.6160000000001,6802.503000000001,1949.672,8752.176,12294.737,October,"October 1, 1998"
1999,Q1,2972.5239999999994,980.5219999999999,3953.044,2209.719,6162.764,1596.0349999999999,875.03,2471.066,1972.0210000000002,4443.087,5572.125,854.374,6426.499,1925.886,8352.385,12410.778,January,"January 1, 1999"
1999,Q2,1228.964,854.201,2083.166,2037.7489999999998,4120.915,791.2639999999999,913.5509999999999,1704.8140000000003,2180.12,3884.934,5528.0869999999995,909.4169999999999,6437.503999999999,2169.962,8607.466,12514.408,April,"April 1, 1999"
1999,Q3,739.673,1198.089,1937.761,2737.437,4675.198,599.904,1067.7040000000002,1667.609,2432.1940000000004,4099.802,5884.38,943.863,6828.243,2146.621,8974.864000000001,12679.977,July,"July 1, 1999"
1999,Q4,1832.135,873.667,2705.8019999999997,1894.9830000000002,4600.784,1066.624,909.952,1976.5749999999998,1971.464,3948.0389999999998,5894.192,902.981,6797.1720000000005,1956.245,8753.416,12888.281,October,"October 1, 1999"
2000,Q1,2878.214,998.2929999999999,3876.5070000000005,2284.111,6160.616999999999,1555.192,919.604,2474.7960000000003,2105.428,4580.223,5647.351000000001,883.359,6530.711000000001,2022.7830000000001,8553.494,12935.252,January,"January 1, 2000"
2000,Q2,1208.897,899.3050000000001,2108.201,2146.459,4254.662,808.6690000000001,969.502,1778.1709999999998,2317.05,4095.221,5615.606,918.4639999999999,6534.0689999999995,2195.372,8729.441,13170.749,April,"April 1, 2000"
2000,Q3,785.681,1200.3110000000001,1985.9920000000002,2664.0550000000003,4650.047,655.932,1105.1570000000002,1761.0899999999997,2448.633,4209.7210000000005,5783.01,937.6880000000001,6720.698,2075.179,8795.879,13183.89,July,"July 1, 2000"
2000,Q4,2284.223,970.7180000000001,3254.941,2094.7889999999998,5349.73,1258.663,961.4280000000001,2220.091,2071.221,4291.312,5702.956,891.673,6594.63,1920.7549999999999,8515.384,13262.25,October,"October 1, 2000"
2001,Q1,3181.3540000000003,1091.0620000000001,4272.414,2319.715,6592.128000000001,1652.79,961.758,2614.55,2049.388,4663.938,5504.76,851.183,6355.942999999999,1813.847,8169.79,13219.251,January,"January 1, 2001"
2001,Q2,1180.48,899.416,2079.895,2046.732,4126.625,777.807,989.921,1767.728,2253.7169999999996,4021.4449999999997,5328.2210000000005,865.368,6193.589,1968.31,8161.900000000001,13301.394,April,"April 1, 2001"
2001,Q3,742.676,1214.1309999999999,1956.8069999999998,2692.969,4649.775,614.6210000000001,1140.1570000000002,1754.778,2522.611,4277.389,5411.793,861.798,6273.591,1905.0840000000003,8178.674,13248.142,July,"July 1, 2001"
2001,Q4,1761.005,895.274,2656.2799999999997,2007.1040000000003,4663.383,1039.747,970.2099999999999,2009.958,2170.876,4180.834,5480.88,822.081,6302.960999999999,1838.8039999999999,8141.767,13284.881,October,"October 1, 2001"
2002,Q1,2848.235,1053.637,3901.8720000000003,2277.312,6179.183,1514.246,939.33,2453.576,2031.0769999999998,4484.653,5390.174999999999,807.8290000000001,6198.003000000001,1746.672,7944.6759999999995,13394.91,January,"January 1, 2002"
2002,Q2,1233.96,955.006,2188.966,2189.901,4378.867,808.52,999.376,1807.8970000000002,2290.2889999999998,4098.186,5400.225,851.6260000000001,6251.85,1950.522,8202.372,13477.356,April,"April 1, 2002"
2002,Q3,722.567,1309.731,2032.2990000000002,2881.911,4914.21,608.388,1159.409,1767.797,2547.034,4314.831,5508.894,889.624,6398.519,1954.299,8352.818,13531.741,July,"July 1, 2002"
2002,Q4,2103.475,998.4200000000001,3101.894,2211.032,5312.9259999999995,1201.213,1011.7460000000001,2212.959,2235.4770000000003,4448.4349999999995,5427.601000000001,829.613,6257.214,1834.0479999999998,8091.262,13549.421,October,"October 1, 2002"
2003,Q1,3258.959,1142.24,4401.1990000000005,2451.3819999999996,6852.580999999999,1758.537,963.4670000000001,2722.004,2067.921,4789.925,5392.047,826.056,6218.101,1771.9209999999998,7990.023,13619.434,January,"January 1, 2003"
2003,Q2,1258.984,929.9010000000001,2188.885,2094.7039999999997,4283.59,809.732,982.3520000000001,1792.083,2212.676,4004.761,5183.142,866.2620000000001,6049.404,1950.08,7999.484,13741.107,April,"April 1, 2003"
2003,Q3,757.894,1293.116,2051.0099999999998,2786.474,4837.484,620.251,1153.018,1773.267,2481.377,4254.646,5420.945,900.6,6321.544,1936.4279999999999,8257.972,13970.157,July,"July 1, 2003"
2003,Q4,1958.596,987.853,2946.449,2194.047,5140.495,1110.4189999999999,991.222,2101.6409999999996,2198.345,4299.987,5472.353999999999,861.302,6333.655,1910.235,8243.89,14131.379,October,"October 1, 2003"
2004,Q1,3125.568,1155.0729999999999,4280.6410000000005,2496.295,6776.938,1693.413,983.644,2677.056,2123.882,4800.939,5569.345,831.9080000000001,6401.253000000001,1795.4869999999999,8196.74,14212.34,January,"January 1, 2004"
2004,Q2,1163.199,983.7139999999999,2146.913,2188.563,4335.477999999999,793.201,1032.244,1825.444,2298.3900000000003,4123.835,5508.1,877.19,6385.290000000001,1952.795,8338.085000000001,14323.017,April,"April 1, 2004"
2004,Q3,748.8340000000001,1255.842,2004.676,2741.053,4745.729,602.732,1158.521,1761.254,2526.617,4287.871999999999,5607.001,900.559,6507.5599999999995,1963.638,8471.199,14457.832,July,"July 1, 2004"
2004,Q4,1949.9830000000002,1013.6109999999999,2963.593,2258.7709999999997,5222.365,1143.0500000000002,1023.8000000000001,2166.85,2277.3940000000002,4444.244,5654.782999999999,863.246,6518.029,1919.8700000000001,8437.898,14605.595,October,"October 1, 2004"
2005,Q1,3020.873,1146.5,4167.373,2459.063,6626.436,1588.039,999.8620000000001,2587.901,2143.062,4730.963,5511.061,833.761,6344.822,1786.373,8131.195,14767.846,January,"January 1, 2005"
2005,Q2,1217.488,992.076,2209.563,2205.446,4415.008,778.4670000000001,1051.7220000000002,1830.189,2338.455,4168.644,5340.186,874.4069999999999,6214.594999999999,1943.1799999999998,8157.775,14839.707,April,"April 1, 2005"
2005,Q3,738.664,1425.863,2164.5280000000002,3070.8189999999995,5235.349,592.048,1238.522,1830.5700000000002,2663.284,4493.853999999999,5242.467,908.1990000000001,6150.665,1951.8210000000001,8102.487,14956.291,July,"July 1, 2005"
2005,Q4,1925.7759999999998,1073.244,2999.02,2339.21,5338.23,1094.25,1060.4660000000001,2154.716,2304.635,4459.352,5248.692,860.9929999999999,6109.685,1871.926,7981.613,15041.232,October,"October 1, 2005"
2006,Q1,2657.906,1125.568,3783.474,2373.491,6156.965,1444.002,1019.376,2463.377,2150.001,4613.378000000001,5306.658,837.086,6143.744,1765.618,7909.362,15244.088,January,"January 1, 2006"
2006,Q2,1074.3220000000001,1031.0700000000002,2105.392,2274.904,4380.296,716.964,1087.673,1804.637,2400.718,4205.354,5253.927000000001,868.372,6122.299000000001,1915.9679999999998,8038.266,15281.525,April,"April 1, 2006"
2006,Q3,673.6310000000001,1410.776,2084.407,2988.142,5072.549,559.861,1253.6599999999999,1813.52,2647.717,4461.237,5422.965,905.9839999999999,6328.949,1910.8059999999998,8239.755000000001,15304.517,July,"July 1, 2006"
2006,Q4,1749.7640000000001,1043.972,2793.737,2266.241,5059.978,1026.76,1074.018,2100.7780000000002,2328.021,4428.799,5471.241,839.106,6310.347,1818.6039999999998,8128.95,15433.643,October,"October 1, 2006"
2007,Q1,2955.378,1202.5439999999999,4157.921,2562.331,6720.252,1556.942,1057.938,2614.88,2254.31,4869.19,5399.699,830.3399999999999,6230.039000000001,1769.024,7999.062,15478.956,January,"January 1, 2007"
2007,Q2,1112.139,1037.5500000000002,2149.688,2261.909,4411.596,736.389,1115.595,1851.984,2431.5240000000003,4283.507,5258.888,880.892,6139.7789999999995,1919.3270000000002,8059.107,15577.779,April,"April 1, 2007"
2007,Q3,667.663,1428.4009999999998,2096.064,3038.723,5134.787,547.5450000000001,1277.0990000000002,1824.6420000000003,2713.737,4538.38,5276.195,916.327,6192.522000000001,1946.0430000000001,8138.564,15671.605,July,"July 1, 2007"
2007,Q4,1855.3139999999999,1081.831,2937.145,2318.873,5256.018,1081.824,1108.8760000000002,2190.701,2369.717,4560.417,5348.72,879.404,6228.123,1879.628,8107.75,15767.146,October,"October 1, 2007"
2008,Q1,3069.17,1225.196,4294.366,2569.36,6863.726,1645.414,1080.897,2726.311,2266.226,4992.536,5418.201999999999,846.425,6264.627,1774.5549999999998,8039.182000000001,15702.906,January,"January 1, 2008"
2008,Q2,1159.7,1043.346,2203.047,2288.5699999999997,4491.617,762.8149999999999,1120.2759999999998,1883.0890000000002,2456.013,4339.104,5120.79,883.307,6004.096,1934.8960000000002,7938.992,15792.773,April,"April 1, 2008"
2008,Q3,679.587,1360.423,2040.009,2872.819,4912.83,553.7359999999999,1264.3400000000001,1818.074,2664.596,4482.671,4907.566,897.318,5804.885,1889.823,7694.7080000000005,15709.562,July,"July 1, 2008"
2008,Q4,1982.299,1081.8509999999999,3064.151,2337.67,5401.82,1138.179,1093.376,2231.557,2356.483,4588.039,5007.638,817.4180000000001,5825.0560000000005,1760.887,7585.943,15366.607,October,"October 1, 2008"
2009,Q1,2942.6000000000004,1221.3,4163.899,2526.766,6690.665000000001,1617.9060000000002,1061.513,2679.419,2194.995,4874.4130000000005,4717.921,752.388,5470.308,1554.811,7025.119000000001,15187.475,January,"January 1, 2009"
2009,Q2,1105.552,1024.755,2130.306,2232.288,4362.594999999999,739.734,1091.3220000000001,1831.056,2376.188,4207.243,4449.084,765.129,5214.213,1664.3339999999998,6878.5470000000005,15161.772,April,"April 1, 2009"
2009,Q3,683.637,1333.696,2017.333,2746.573,4763.907,572.598,1228.32,1800.9180000000001,2525.025,4325.942999999999,4662.807000000001,820.428,5483.235,1684.931,7168.1669999999995,15216.647,July,"July 1, 2009"
2009,Q4,1907.005,1076.804,2983.81,2282.856,5266.665000000001,1125.5549999999998,1077.826,2203.382,2277.224,4480.606,4839.692,792.28,5631.973,1673.377,7305.348,15379.155,October,"October 1, 2009"
2010,Q1,2939.7110000000002,1303.828,4243.539,2658.481,6902.02,1587.2779999999998,1059.8319999999999,2647.1099999999997,2158.468,4805.577,5043.111,778.1370000000001,5821.246,1583.945,7405.193000000001,15456.059,January,"January 1, 2010"
2010,Q2,1014.316,1059.034,2073.35,2297.378,4370.728,693.9939999999999,1110.086,1804.08,2405.241,4209.322,4972.088,832.8489999999999,5804.937,1802.888,7607.825000000001,15605.628,April,"April 1, 2010"
2010,Q3,652.426,1478.504,2130.9300000000003,3049.5960000000005,5180.526,543.346,1283.687,1827.0320000000002,2642.054,4469.0869999999995,5159.592000000001,877.0910000000001,6036.683,1804.112,7840.795,15726.282,July,"July 1, 2010"
2010,Q4,2035.592,1091.3899999999999,3126.982,2314.956,5441.937,1198.219,1085.037,2283.255,2290.7290000000003,4573.985,5153.772,825.731,5979.501,1743.085,7722.589,15807.995,October,"October 1, 2010"
2011,Q1,2922.649,1262.759,4185.409,2564.207,6749.616,1613.744,1065.578,2679.322,2165.844,4845.165999999999,5194.566000000001,814.319,6008.884,1655.3760000000002,7664.26,15769.911,January,"January 1, 2011"
2011,Q2,1015.896,1082.878,2098.7740000000003,2307.699,4406.473,702.476,1113.339,1815.813,2372.37,4188.184,4963.406,840.51,5803.915,1790.1779999999999,7594.094999999999,15876.839,April,"April 1, 2011"
2011,Q3,679.184,1471.211,2150.395,3018.931,5169.326,593.3489999999999,1280.814,1874.163,2620.006,4494.168,5122.37,891.137,6013.507,1820.7050000000002,7834.212,15870.684,July,"July 1, 2011"
2011,Q4,1856.576,1037.748,2894.325,2161.304,5055.628,1154.712,1071.6,2226.312,2227.572,4453.885,5226.853,836.403,6063.256,1738.722,7801.977000000001,16048.702,October,"October 1, 2011"
2012,Q1,2363.631,1136.942,3500.572,2266.136,5766.7080000000005,1362.96,1050.193,2413.1530000000002,2091.6749999999997,4504.828,5252.52,814.79,6067.311,1622.4450000000002,7689.755,16179.968,January,"January 1, 2012"
2012,Q2,884.303,1064.313,1948.6169999999997,2190.474,4139.091,664.566,1125.4360000000001,1790.002,2314.298,4104.3009999999995,5048.37,850.701,5899.071,1747.9569999999999,7647.028,16253.726,April,"April 1, 2012"
2012,Q3,628.4350000000001,1437.652,2066.086,2888.428,4954.514,572.247,1273.449,1845.6979999999999,2552.353,4398.049999999999,5134.499,878.193,6012.693,1759.1779999999999,7771.870999999999,16282.151,July,"July 1, 2012"
2012,Q4,1808.649,1050.938,2859.586,2156.558,5016.142,1122.778,1078.99,2201.768,2207.377,4409.1449999999995,5347.629,819.5709999999999,6167.2,1676.7350000000001,7843.936000000001,16300.035,October,"October 1, 2012"
2013,Q1,2917.9489999999996,1218.069,4136.018,2421.773,6557.790000000001,1614.4820000000002,1067.122,2681.6059999999998,2121.172,4802.7789999999995,5268.843,810.9369999999999,6079.781,1611.9679999999998,7691.749,16441.485,January,"January 1, 2013"
2013,Q2,1057.835,1053.334,2111.169,2158.55,4269.72,735.989,1117.389,1853.377,2289.6220000000003,4142.999,5148.4400000000005,850.555,5998.995000000001,1741.672,7740.665999999999,16464.402,April,"April 1, 2013"
2013,Q3,654.459,1376.192,2030.652,2746.152,4776.804,572.6270000000001,1271.931,1844.558,2535.305,4379.862,5347.41,879.3340000000001,6226.745,1752.2199999999998,7978.965,16594.743,July,"July 1, 2013"
2013,Q4,2059.725,1111.504,3171.228,2277.933,5449.162,1239.287,1105.67,2344.957,2259.343,4604.3,5618.489,821.1949999999999,6439.684,1678.04,8117.723,16712.76,October,"October 1, 2013"
2014,Q1,3244.498,1328.017,4572.516,2673.507,7246.023,1790.4569999999999,1109.536,2899.992,2233.603,5133.595,5366.965,805.577,6172.5419999999995,1621.491,7794.032,16654.247,January,"January 1, 2014"
2014,Q2,1067.523,1044.2959999999998,2111.818,2130.48,4242.297,757.1640000000001,1127.827,1884.991,2299.816,4184.806,5183.737,858.457,6042.195,1749.537,7791.732,16868.109,April,"April 1, 2014"
2014,Q3,688.178,1342.959,2031.1370000000002,2659.497,4690.635,600.09,1266.145,1866.235,2503.875,4370.11,5378.304,899.7940000000001,6278.098,1779.252,8057.351000000001,17064.616,July,"July 1, 2014"
2014,Q4,2007.5890000000002,1086.122,3093.7090000000003,2176.466,5270.1759999999995,1243.1080000000002,1110.0569999999998,2353.164,2220.757,4573.921,5534.524,839.9010000000001,6374.424000000001,1680.966,8055.39,17141.235,October,"October 1, 2014"
2015,Q1,3123.458,1292.362,4415.821,2515.1369999999997,6930.956999999999,1822.848,1108.552,2931.4010000000003,2154.9030000000002,5086.304,5448.817,805.4599999999999,6254.277,1565.231,7819.508000000001,17280.647,January,"January 1, 2015"
2015,Q2,971.101,1042.911,2014.0100000000002,2086.7929999999997,4100.804,782.5920000000001,1135.663,1918.255,2269.861,4188.116,5307.85,851.711,6159.561,1701.24,7860.802000000001,17380.875,April,"April 1, 2015"
2015,Q3,624.819,1419.2910000000002,2044.108,2769.416,4813.523999999999,648.236,1293.895,1942.129,2521.1490000000003,4463.279,5407.231,890.023,6297.254000000001,1733.8470000000002,8031.102,17437.08,July,"July 1, 2015"
2015,Q4,1746.375,1036.215,2782.59,1993.818,4776.409,1187.689,1104.775,2292.465,2123.85,4416.313,5264.234,818.771,6083.004,1574.212,7657.215999999999,17462.579,October,"October 1, 2015"
2016,Q1,2575.547,1184.503,3760.05,2257.033,6017.083,1576.7220000000002,1090.48,2667.202,2073.9,4741.101000000001,5519.725,801.2529999999999,6320.977999999999,1522.888,7843.8640000000005,17565.465,January,"January 1, 2016"
2016,Q2,994.531,1049.715,2044.245,2087.038,4131.282,809.982,1128.844,1938.8249999999998,2241.344,4180.169,5165.960999999999,831.8810000000001,5997.842,1650.3919999999998,7648.234,17618.581,April,"April 1, 2016"
2016,Q3,608.725,1502.009,2110.7340000000004,2893.715,5004.45,662.137,1325.733,1987.871,2549.036,4536.907,5378.602,885.197,6263.799,1701.8310000000001,7965.629,17724.489,July,"July 1, 2016"
2016,Q4,1851.817,1078.304,2930.12,2102.538,5032.656999999999,1272.906,1119.8,2392.706,2175.507,4568.215,5504.51,814.223,6318.733,1581.266,7899.999000000001,17812.56,October,"October 1, 2016"
2017,Q1,2534.0869999999995,1137.139,3671.2250000000004,2195.602,5866.827,1563.996,1079.219,2643.216,2082.663,4725.88,5439.525,797.975,6237.502,1539.663,7777.164000000001,17889.094,January,"January 1, 2017"
2017,Q2,952.4580000000001,1063.004,2015.4629999999997,2074.683,4090.1459999999997,796.8629999999999,1134.403,1931.2659999999998,2213.933,4145.199,5382.033,844.237,6226.268,1647.4769999999999,7873.746000000001,17979.218,April,"April 1, 2017"
2017,Q3,623.066,1401.261,2024.328,2657.375,4681.704,660.064,1284.776,1944.8410000000001,2432.398,4377.237999999999,5458.563999999999,888.761,6347.3240000000005,1681.923,8029.246999999999,18127.994,July,"July 1, 2017"
2017,Q4,1988.882,1102.541,3091.424,2159.0,5250.423000000001,1347.6840000000002,1117.654,2465.339,2182.6150000000002,4647.955,5692.610000000001,827.452,6520.062000000001,1615.9660000000001,8136.028,18310.3,October,"October 1, 2017"
2018,Q1,2991.177,1262.054,4253.232,2378.2599999999998,6631.490999999999,1778.8819999999998,1111.354,2890.236,2091.46,4981.695,5739.359,807.293,6546.652000000001,1518.4850000000001,8065.137,18437.127,January,"January 1, 2018"
2018,Q2,1133.3,1123.28,2256.581,2188.605,4445.186,881.8510000000001,1155.024,2036.875,2250.52,4287.3949999999995,5546.021000000001,853.879,6399.898999999999,1663.5149999999999,8063.412,18565.697,April,"April 1, 2018"
2018,Q3,641.704,1487.537,2129.241,2784.778,4914.019,667.207,1325.232,1992.437,2478.365,4470.802,5758.454,911.298,6669.751,1703.6650000000002,8373.416000000001,18699.748,July,"July 1, 2018"
2018,Q4,2216.864,1139.673,3356.5389999999998,2165.831,5522.369000000001,1448.3429999999998,1122.938,2571.2830000000004,2129.069,4700.352,5841.817,841.827,6683.644,1597.248,8280.892,18733.741,October,"October 1, 2018"
2019,Q1,3156.375,1236.9560000000001,4393.332,2303.214,6696.544,1850.8310000000001,1097.133,2947.964,2041.943,4989.907999999999,5761.653,819.3910000000001,6581.044,1524.81,8105.8550000000005,18835.411,January,"January 1, 2019"
2019,Q2,1085.7,1060.556,2146.256,2006.7889999999998,4153.043,852.148,1123.886,1976.033,2126.1800000000003,4102.213,5576.954,853.386,6430.339,1614.014,8044.3550000000005,18962.175,April,"April 1, 2019"
2019,Q3,684.9300000000001,1485.58,2170.512,2708.669,4879.1810000000005,683.799,1309.48,1993.28,2385.7709999999997,4379.0509999999995,5725.657999999999,914.328,6639.986000000001,1665.559,8305.545,19130.932,July,"July 1, 2019"
2019,Q4,2163.047,1131.173,3294.2200000000003,2053.773,5347.993,1413.711,1112.811,2526.523,2016.605,4543.127,5905.032,832.9219999999999,6737.954,1510.726,8248.679999999998,19215.691,October,"October 1, 2019"
2020,Q1,2659.712,1162.878,3822.59,2084.579,5907.168000000001,1654.579,1081.388,2735.968,1937.393,4673.361,5843.3730000000005,820.387,6663.76,1469.455,8133.214,18989.877,January,"January 1, 2020"
2020,Q2,1150.396,1142.945,2293.3410000000003,2106.849,4400.1900000000005,818.4399999999999,1007.5550000000001,1825.996,1855.315,3681.3100000000004,4988.208,769.436,5757.643,1415.826,7173.469999999999,17378.712,April,"April 1, 2020"
2020,Q3,657.503,1548.608,2206.112,2776.4709999999995,4982.582,661.361,1239.867,1901.2269999999999,2217.996,4119.223,5431.398999999999,860.17,6291.567999999999,1537.6619999999998,7829.231,18743.72,July,"July 1, 2020"
2020,Q4,1963.534,1142.801,3106.334,2070.899,5177.234,1284.905,1063.933,2348.8379999999997,1924.6830000000002,4273.52,5797.295,822.394,6619.6900000000005,1488.1280000000002,8107.816999999999,18924.262,October,"October 1, 2020"
2021,Q1,2988.3160000000003,1288.391,4276.707,2342.072,6618.779,1765.7690000000002,1043.153,2808.922,1893.085,4702.007,5524.108,790.0360000000001,6314.144,1433.8139999999999,7747.958,19216.224,January,"January 1, 2021"
2021,Q2,1086.879,1116.423,2203.301,2083.936,4287.236999999999,880.7099999999999,1100.32,1981.03,2051.668,4032.697,5690.518,853.222,6543.740000000001,1589.815,8133.555,19544.248,April,"April 1, 2021"
2021,Q3,653.394,1512.873,2166.267,2732.943,4899.209000000001,706.535,1289.584,1996.1180000000002,2326.17,4322.289,5724.186,915.937,6640.122,1651.5910000000001,8291.713,19672.594,July,"July 1, 2021"
2021,Q4,1844.817,1099.614,2944.431,2000.3329999999999,4944.764,1294.5929999999998,1099.579,2394.172,1997.6279999999997,4391.802,5890.313,854.899,6745.211000000001,1553.761,8298.973,20006.181,October,"October 1, 2021"
2022,Q1,3024.213,1295.7640000000001,4319.978,2395.273,6715.251,1834.257,1097.96,2932.2160000000003,2025.2730000000001,4957.49,5904.874,826.4709999999999,6731.345,1523.801,8255.145,19924.088,January,"January 1, 2022"
2022,Q2,1142.284,1183.044,2325.328,2196.6349999999998,4521.963,915.628,1143.676,2059.305,2120.594,4179.899,5653.795,868.4730000000001,6522.267,1609.4900000000002,8131.757,19895.271,April,"April 1, 2022"
2022,Q3,680.188,1561.8029999999999,2241.994,2776.258,5018.252,707.512,1327.284,2034.795,2353.3849999999998,4388.182000000001,5837.732,907.2459999999999,6744.978000000001,1607.8319999999999,8352.809,20054.663,July,"July 1, 2022"
2022,Q4,2147.3199999999997,1152.065,3299.385,2144.303,5443.689,1437.873,1115.863,2553.736,2070.004,4623.74,5785.985000000001,835.514,6621.499,1549.0769999999998,8170.574999999999,20182.491,October,"October 1, 2022"
